"track"	"input"	"filtered"	"denoisedF"	"denoisedR"	"merged"	"nonchim"	"assignes"	"badassignes"	"PRM_TRUNCQ"	"PRM_RMPHIX"	"PRM_MAXEE"	"PRM_TRUNCLEN"	"pFiltered"	"pDenoisedF"	"pDenoisedR"	"pMerged"	"pNonchim"	"Klebsiella"	"Citrobacter"	"Lelliottia"	"Streptococcus"	"Prevotella_7"	"Fusobacterium"	"Raoultella"	"Granulicatella"	"Bergeyella"	"Veillonella"	"Prevotella_6"	"Enterococcus"	"Lactobacillus"	"Gemella"	"Campylobacter"	"Leptotrichia"	"Atopobium"	"Prevotella"	"Oribacterium"	"Megasphaera"	"Bifidobacterium"	"Stomatobaculum"	"Porphyromonas"	"Neisseria"	"Haemophilus"	"Actinobacillus"	"Parvimonas"	"Geobacillus"	"Enterobacter"	"Kingella"	"Capnocytophaga"	"Bacillus"	"Dialister"	"Treponema_2"	"Mycoplasma"	"Mogibacterium"	"Shuttleworthia"	"Alloprevotella"	"Anaerobacillus"	"Rothia"	"Actinomyces"	"Escherichia/Shigella"	"Cutibacterium"	"Pseudoscardovia"	"Selenomonas_3"	"Ochrobactrum"	"Corynebacterium"	"Samsonia"	"Atlantibacter"	"Tannerella"	"Prevotellaceae_YAB2003_group"	"Distigma"	"Atopobacter"	"Solobacterium"	"Hydrogenophilus"	"Slackia"	"Melissococcus"	"Enterobacillus"	"Anthococcus"
"track1"	"track1"	140892	68474	67774	67529	61277	51834	110	81	"Truncq_2"	"rmphix_TRUE"	"MaxEE_1-1"	"TruncLen_0-0"	48.6003463645913	48.1035119098316	47.9296198506658	43.4921784061551	36.7898816114471	18069	9535	2171	5148	3019	2297	1179	780	654	2130	536	357	417	461	96	76	74	129	66	102	55	69	70	49	64	36	36	29	70	24	30	18	21	14	4	3	3	2	0	0	0	0	0	0	0	0	0	0	0	0	0	0	0	0	0	0	0	0	0
"track2"	"track2"	140892	68474	67774	67529	61277	51834	109	82	"Truncq_4"	"rmphix_TRUE"	"MaxEE_1-1"	"TruncLen_0-0"	48.6003463645913	48.1035119098316	47.9296198506658	43.4921784061551	36.7898816114471	18069	9535	2171	5148	3019	2297	1179	780	654	2130	536	357	417	461	96	76	74	129	66	102	55	69	70	49	64	36	36	29	70	24	30	18	21	14	4	3	3	2	0	0	0	0	0	0	0	0	0	0	0	0	0	0	0	0	0	0	0	0	0
"track3"	"track3"	140892	68474	67774	67529	61277	51834	110	81	"Truncq_7"	"rmphix_TRUE"	"MaxEE_1-1"	"TruncLen_0-0"	48.6003463645913	48.1035119098316	47.9296198506658	43.4921784061551	36.7898816114471	18069	9535	2171	5148	3019	2297	1179	780	654	2130	536	357	417	461	96	76	74	129	66	102	55	69	70	49	64	36	36	29	70	24	30	18	21	14	4	3	3	2	0	0	0	0	0	0	0	0	0	0	0	0	0	0	0	0	0	0	0	0	0
"track4"	"track4"	140892	68474	67774	67529	61277	51834	111	80	"Truncq_11"	"rmphix_TRUE"	"MaxEE_1-1"	"TruncLen_0-0"	48.6003463645913	48.1035119098316	47.9296198506658	43.4921784061551	36.7898816114471	18069	9535	2171	5148	3019	2297	1179	780	654	2130	536	357	417	461	96	76	74	129	66	102	55	69	70	49	64	36	36	29	70	24	30	18	21	14	4	3	3	2	1	0	0	0	0	0	0	0	0	0	0	0	0	0	0	0	0	0	0	0	0
"track5"	"track5"	140892	129059	127878	128939	4324	4324	0	21	"Truncq_15"	"rmphix_TRUE"	"MaxEE_1-1"	"TruncLen_0-0"	91.6013684240411	90.7631377225109	91.5161968032252	3.06901740340119	3.06901740340119	0	0	0	0	15	0	0	0	0	0	0	0	0	0	0	0	0	0	0	0	0	0	0	0	0	0	0	0	0	0	0	0	0	0	0	0	0	0	0	0	0	0	0	0	0	0	0	0	0	0	0	0	0	0	0	0	0	0	0
"track6"	"track6"	140892	33221	32590	32696	30205	24983	142	78	"Truncq_2"	"rmphix_TRUE"	"MaxEE_1-1"	"TruncLen_250-230"	23.5790534593873	23.1311926865968	23.2064276183176	21.4384067228799	17.7320216903728	326	194	37	6384	3761	2766	26	914	1179	2873	642	417	151	546	116	0	101	196	75	0	115	87	135	56	77	43	39	43	0	27	42	0	12	17	4	3	3	0	23	71	70	32	13	10	6	6	4	6	5	3	2	0	0	0	0	0	0	0	0
"track7"	"track7"	140892	33221	32590	32696	30205	24983	144	76	"Truncq_4"	"rmphix_TRUE"	"MaxEE_1-1"	"TruncLen_250-230"	23.5790534593873	23.1311926865968	23.2064276183176	21.4384067228799	17.7320216903728	326	194	37	6384	3761	2766	26	914	1179	2873	642	417	151	546	116	0	101	196	75	0	115	87	135	56	77	43	39	43	0	27	42	0	12	17	4	3	3	0	23	71	70	32	13	10	6	6	4	6	2	3	2	4	0	0	0	0	0	0	0
"track8"	"track8"	140892	33221	32590	32696	30205	24983	143	77	"Truncq_7"	"rmphix_TRUE"	"MaxEE_1-1"	"TruncLen_250-230"	23.5790534593873	23.1311926865968	23.2064276183176	21.4384067228799	17.7320216903728	326	194	37	6384	3761	2766	26	914	1179	2873	642	417	151	546	116	0	101	196	75	0	115	87	135	56	77	43	39	43	0	27	42	0	12	17	4	3	3	0	23	71	70	32	13	10	6	6	4	6	3	3	2	3	0	0	0	0	0	0	0
"track9"	"track9"	140892	33221	32590	32696	30205	24983	144	76	"Truncq_11"	"rmphix_TRUE"	"MaxEE_1-1"	"TruncLen_250-230"	23.5790534593873	23.1311926865968	23.2064276183176	21.4384067228799	17.7320216903728	326	194	37	6384	3761	2766	26	914	1179	2873	642	417	151	546	116	0	101	196	75	0	115	87	135	56	77	43	39	43	0	27	42	0	12	17	4	3	3	0	23	71	70	32	13	10	6	6	4	6	5	3	2	4	0	0	0	0	0	0	0
"track10"	"track10"	140892	2767	2679	2683	2447	2336	46	11	"Truncq_15"	"rmphix_TRUE"	"MaxEE_1-1"	"TruncLen_250-230"	1.96391562331431	1.90145643471595	1.90429548874315	1.73679130113846	1.65800755188371	0	0	0	627	288	251	0	193	98	193	51	84	9	86	12	0	4	0	13	0	0	6	0	6	8	0	0	0	0	4	5	0	0	0	0	0	0	0	0	0	0	0	0	0	0	0	0	0	0	0	11	0	9	0	0	0	0	0	0
"track11"	"track11"	140892	94777	94084	94134	4733	4681	11	82	"Truncq_2"	"rmphix_TRUE"	"MaxEE_1-1"	"TruncLen_230-210"	67.2692558839395	66.7773897737274	66.8128779490674	3.3593106776822	3.32240297532862	3	0	0	0	12	0	0	0	0	3	0	0	0	0	0	0	0	0	0	0	0	0	0	0	0	0	2	0	0	0	0	0	0	0	0	0	0	0	0	0	0	0	0	0	0	0	0	0	0	0	0	6	0	0	0	0	0	0	0
"track12"	"track12"	140892	94777	94084	94134	4733	4681	11	82	"Truncq_4"	"rmphix_TRUE"	"MaxEE_1-1"	"TruncLen_230-210"	67.2692558839395	66.7773897737274	66.8128779490674	3.3593106776822	3.32240297532862	3	0	0	0	12	0	0	0	0	3	0	0	0	0	0	0	0	0	0	0	0	0	0	0	0	0	2	0	0	0	0	0	0	0	0	0	0	0	0	0	0	0	0	0	0	0	0	0	0	0	0	6	0	0	0	0	0	0	0
"track13"	"track13"	140892	94777	94084	94134	4733	4681	11	82	"Truncq_7"	"rmphix_TRUE"	"MaxEE_1-1"	"TruncLen_230-210"	67.2692558839395	66.7773897737274	66.8128779490674	3.3593106776822	3.32240297532862	3	0	0	0	12	0	0	0	0	3	0	0	0	0	0	0	0	0	0	0	0	0	0	0	0	0	2	0	0	0	0	0	0	0	0	0	0	0	0	0	0	0	0	0	0	0	0	0	0	0	0	0	0	0	0	0	0	0	0
"track14"	"track14"	140892	94777	94084	94134	4733	4681	11	82	"Truncq_11"	"rmphix_TRUE"	"MaxEE_1-1"	"TruncLen_230-210"	67.2692558839395	66.7773897737274	66.8128779490674	3.3593106776822	3.32240297532862	3	0	0	0	11	0	0	0	0	3	0	0	0	0	0	0	0	0	0	0	0	0	0	0	0	0	2	0	0	0	0	0	0	0	0	0	0	0	0	0	0	0	0	0	0	0	0	0	0	0	0	6	0	0	0	0	0	0	0
"track15"	"track15"	140892	13656	13429	13523	832	832	0	27	"Truncq_15"	"rmphix_TRUE"	"MaxEE_1-1"	"TruncLen_230-210"	9.69253044885444	9.53141413281095	9.5981319024501	0.590523237657213	0.590523237657213	0	0	0	0	2	0	0	0	0	0	0	0	0	0	0	0	0	0	0	0	0	0	0	0	0	0	0	0	0	0	0	0	0	0	0	0	0	0	0	0	0	0	0	0	0	0	0	0	0	0	0	0	0	0	0	0	0	0	0
"track16"	"track16"	140892	102589	101914	101846	5223	5168	4	93	"Truncq_2"	"rmphix_TRUE"	"MaxEE_1-1"	"TruncLen_210-190"	72.8139283990574	72.3348380319677	72.2865741135054	3.70709479601397	3.66805780313999	3	0	0	0	4	0	0	0	0	0	0	0	0	0	0	0	0	0	0	0	0	0	0	0	0	0	2	0	0	0	0	0	0	0	0	0	0	0	0	0	0	0	0	0	0	0	0	0	0	0	0	6	0	0	0	0	0	0	0
"track17"	"track17"	140892	102589	101914	101846	5223	5168	5	92	"Truncq_4"	"rmphix_TRUE"	"MaxEE_1-1"	"TruncLen_210-190"	72.8139283990574	72.3348380319677	72.2865741135054	3.70709479601397	3.66805780313999	3	0	0	0	4	0	0	0	0	0	0	0	0	0	0	0	0	0	0	0	0	0	0	0	0	0	2	0	0	0	0	0	0	0	0	0	0	0	0	0	0	0	0	0	0	0	0	0	0	0	0	2	0	0	0	0	0	0	0
"track18"	"track18"	140892	102589	101914	101846	5223	5168	4	93	"Truncq_7"	"rmphix_TRUE"	"MaxEE_1-1"	"TruncLen_210-190"	72.8139283990574	72.3348380319677	72.2865741135054	3.70709479601397	3.66805780313999	3	0	0	0	4	0	0	0	0	0	0	0	0	0	0	0	0	0	0	0	0	0	0	0	0	0	2	0	0	0	0	0	0	0	0	0	0	0	0	0	0	0	0	0	0	0	0	0	0	0	0	2	0	0	0	0	0	0	0
"track19"	"track19"	140892	102589	101914	101846	5223	5168	5	92	"Truncq_11"	"rmphix_TRUE"	"MaxEE_1-1"	"TruncLen_210-190"	72.8139283990574	72.3348380319677	72.2865741135054	3.70709479601397	3.66805780313999	3	0	0	0	4	0	0	0	0	0	0	0	0	0	0	0	0	0	0	0	0	0	0	0	0	0	2	0	0	0	0	0	0	0	0	0	0	0	0	0	0	0	0	0	0	0	0	0	0	0	0	4	0	0	0	0	0	0	0
"track20"	"track20"	140892	24401	24112	24164	1803	1803	2	34	"Truncq_15"	"rmphix_TRUE"	"MaxEE_1-1"	"TruncLen_210-190"	17.3189393294154	17.1138176759504	17.1507253783039	1.27970360275956	1.27970360275956	0	0	0	0	2	0	0	0	0	0	0	0	0	0	0	0	0	0	0	0	0	0	0	0	0	0	0	0	0	0	0	0	0	0	0	0	0	0	0	0	0	0	0	0	0	0	0	0	0	0	0	0	0	0	0	0	0	0	0
"track21"	"track21"	140892	111165	110592	110263	4982	4916	4	76	"Truncq_2"	"rmphix_TRUE"	"MaxEE_1-1"	"TruncLen_180-160"	78.9008602333702	78.4941657439741	78.2606535502371	3.53604179087528	3.48919739942651	0	0	0	0	2	0	0	0	0	0	0	0	0	0	0	0	0	0	0	0	0	0	0	0	0	0	2	0	0	0	0	0	0	0	0	0	0	0	0	0	0	0	0	0	0	0	0	0	0	0	0	6	0	0	0	0	0	0	0
"track22"	"track22"	140892	111165	110592	110263	4982	4916	3	77	"Truncq_4"	"rmphix_TRUE"	"MaxEE_1-1"	"TruncLen_180-160"	78.9008602333702	78.4941657439741	78.2606535502371	3.53604179087528	3.48919739942651	0	0	0	0	2	0	0	0	0	0	0	0	0	0	0	0	0	0	0	0	0	0	0	0	0	0	2	0	0	0	0	0	0	0	0	0	0	0	0	0	0	0	0	0	0	0	0	0	0	0	0	2	0	0	0	0	0	0	0
"track23"	"track23"	140892	111165	110592	110263	4982	4916	3	77	"Truncq_7"	"rmphix_TRUE"	"MaxEE_1-1"	"TruncLen_180-160"	78.9008602333702	78.4941657439741	78.2606535502371	3.53604179087528	3.48919739942651	0	0	0	0	2	0	0	0	0	0	0	0	0	0	0	0	0	0	0	0	0	0	0	0	0	0	2	0	0	0	0	0	0	0	0	0	0	0	0	0	0	0	0	0	0	0	0	0	0	0	0	6	0	0	0	0	0	0	0
"track24"	"track24"	140892	111165	110592	110263	4982	4916	3	77	"Truncq_11"	"rmphix_TRUE"	"MaxEE_1-1"	"TruncLen_180-160"	78.9008602333702	78.4941657439741	78.2606535502371	3.53604179087528	3.48919739942651	0	0	0	0	2	0	0	0	0	0	0	0	0	0	0	0	0	0	0	0	0	0	0	0	0	0	2	0	0	0	0	0	0	0	0	0	0	0	0	0	0	0	0	0	0	0	0	0	0	0	0	6	0	0	0	0	0	0	0
"track25"	"track25"	140892	39171	38850	38878	2489	2489	0	32	"Truncq_15"	"rmphix_TRUE"	"MaxEE_1-1"	"TruncLen_180-160"	27.8021463248446	27.5743122391619	27.5941856173523	1.76660136842404	1.76660136842404	0	0	0	0	0	0	0	0	0	0	0	0	0	0	0	0	0	0	0	0	0	0	0	0	0	0	0	0	0	0	0	0	0	0	0	0	0	0	0	0	0	0	0	0	0	0	0	0	0	0	0	0	0	0	0	0	0	0	0
"track26"	"track26"	140892	68474	67774	67529	61277	51834	109	82	"Truncq_2"	"rmphix_FALSE"	"MaxEE_1-1"	"TruncLen_0-0"	48.6003463645913	48.1035119098316	47.9296198506658	43.4921784061551	36.7898816114471	18069	9535	2171	5148	3019	2297	1179	780	654	2130	536	357	417	461	96	76	74	129	66	102	55	69	70	49	64	36	36	29	70	24	30	18	21	14	4	3	3	2	1	0	0	0	0	0	0	0	0	0	0	0	0	0	0	0	0	0	0	0	0
"track27"	"track27"	140892	68474	67774	67529	61277	51834	111	80	"Truncq_4"	"rmphix_FALSE"	"MaxEE_1-1"	"TruncLen_0-0"	48.6003463645913	48.1035119098316	47.9296198506658	43.4921784061551	36.7898816114471	18069	9535	2171	5148	3019	2297	1179	780	654	2130	536	357	417	461	96	76	74	129	66	102	55	69	70	49	64	36	36	29	70	24	30	18	21	14	4	3	3	2	0	0	0	0	0	0	0	0	0	0	0	0	0	0	0	0	0	0	0	0	0
"track28"	"track28"	140892	68474	67774	67529	61277	51834	109	82	"Truncq_7"	"rmphix_FALSE"	"MaxEE_1-1"	"TruncLen_0-0"	48.6003463645913	48.1035119098316	47.9296198506658	43.4921784061551	36.7898816114471	18069	9535	2171	5148	3019	2297	1179	780	654	2130	536	357	417	461	96	76	74	129	66	102	55	69	70	49	64	36	36	29	70	24	30	18	21	14	4	3	3	2	1	0	0	0	0	0	0	0	0	0	0	0	0	0	0	0	0	0	0	0	0
"track29"	"track29"	140892	68474	67774	67529	61277	51834	109	82	"Truncq_11"	"rmphix_FALSE"	"MaxEE_1-1"	"TruncLen_0-0"	48.6003463645913	48.1035119098316	47.9296198506658	43.4921784061551	36.7898816114471	18069	9535	2171	5148	3019	2297	1179	780	654	2130	536	357	417	461	96	76	74	129	66	102	55	69	70	49	64	36	36	29	70	24	30	18	21	14	4	3	3	2	0	0	0	0	0	0	0	0	0	0	0	0	0	0	0	0	0	0	0	0	0
"track30"	"track30"	140892	129059	127878	128939	4324	4324	0	21	"Truncq_15"	"rmphix_FALSE"	"MaxEE_1-1"	"TruncLen_0-0"	91.6013684240411	90.7631377225109	91.5161968032252	3.06901740340119	3.06901740340119	0	0	0	0	15	0	0	0	0	0	0	0	0	0	0	0	0	0	0	0	0	0	0	0	0	0	0	0	0	0	0	0	0	0	0	0	0	0	0	0	0	0	0	0	0	0	0	0	0	0	0	0	0	0	0	0	0	0	0
"track31"	"track31"	140892	33221	32590	32696	30205	24983	143	77	"Truncq_2"	"rmphix_FALSE"	"MaxEE_1-1"	"TruncLen_250-230"	23.5790534593873	23.1311926865968	23.2064276183176	21.4384067228799	17.7320216903728	326	194	37	6384	3761	2766	26	914	1179	2873	642	417	151	546	116	0	101	196	75	0	115	87	135	56	77	43	39	43	0	27	42	0	12	17	4	3	3	0	23	71	70	32	13	0	6	6	4	6	5	3	2	4	0	0	0	0	0	0	0
"track32"	"track32"	140892	33221	32590	32696	30205	24983	143	77	"Truncq_4"	"rmphix_FALSE"	"MaxEE_1-1"	"TruncLen_250-230"	23.5790534593873	23.1311926865968	23.2064276183176	21.4384067228799	17.7320216903728	326	194	37	6384	3761	2766	26	914	1179	2873	642	417	151	546	116	0	101	196	75	0	115	87	135	56	77	43	39	43	0	27	42	0	12	17	4	3	3	0	23	71	70	32	13	10	6	6	4	6	2	3	2	7	0	0	0	0	0	0	0
"track33"	"track33"	140892	33221	32590	32696	30205	24983	143	77	"Truncq_7"	"rmphix_FALSE"	"MaxEE_1-1"	"TruncLen_250-230"	23.5790534593873	23.1311926865968	23.2064276183176	21.4384067228799	17.7320216903728	326	194	37	6384	3761	2766	26	914	1179	2873	642	417	151	546	116	0	101	196	75	0	115	87	135	56	77	43	39	43	0	27	42	0	12	17	4	3	3	0	23	71	70	32	13	10	6	6	4	6	5	3	2	4	0	0	0	0	0	0	0
"track34"	"track34"	140892	33221	32590	32696	30205	24983	143	77	"Truncq_11"	"rmphix_FALSE"	"MaxEE_1-1"	"TruncLen_250-230"	23.5790534593873	23.1311926865968	23.2064276183176	21.4384067228799	17.7320216903728	326	194	37	6384	3761	2766	26	914	1179	2873	642	417	151	546	116	0	101	196	75	0	115	87	135	56	77	43	39	43	0	27	42	0	12	17	4	3	3	0	23	71	70	32	13	10	6	6	4	6	3	3	2	0	0	0	0	0	0	0	0
"track35"	"track35"	140892	2767	2679	2683	2447	2336	46	11	"Truncq_15"	"rmphix_FALSE"	"MaxEE_1-1"	"TruncLen_250-230"	1.96391562331431	1.90145643471595	1.90429548874315	1.73679130113846	1.65800755188371	0	0	0	627	288	251	0	193	98	193	51	84	9	86	12	0	4	0	13	0	0	6	0	6	8	0	0	0	0	4	5	0	0	0	0	0	0	0	0	0	0	0	0	0	0	0	0	0	0	0	11	0	0	0	0	0	0	0	0
"track36"	"track36"	140892	94777	94084	94134	4733	4681	11	82	"Truncq_2"	"rmphix_FALSE"	"MaxEE_1-1"	"TruncLen_230-210"	67.2692558839395	66.7773897737274	66.8128779490674	3.3593106776822	3.32240297532862	3	0	0	0	11	0	0	0	0	3	0	0	0	0	0	0	0	0	0	0	0	0	0	0	0	0	2	0	0	0	0	0	0	0	0	0	0	0	0	0	0	0	0	0	0	0	0	0	0	0	0	0	0	0	0	0	0	0	0
"track37"	"track37"	140892	94777	94084	94134	4733	4681	12	81	"Truncq_4"	"rmphix_FALSE"	"MaxEE_1-1"	"TruncLen_230-210"	67.2692558839395	66.7773897737274	66.8128779490674	3.3593106776822	3.32240297532862	3	0	0	0	11	0	0	0	0	3	0	0	0	0	0	0	0	0	0	0	0	0	0	0	0	0	2	0	0	0	0	0	0	0	0	0	0	0	0	0	0	0	0	0	0	0	0	0	0	0	0	2	0	0	0	0	0	0	0
"track38"	"track38"	140892	94777	94084	94134	4733	4681	11	82	"Truncq_7"	"rmphix_FALSE"	"MaxEE_1-1"	"TruncLen_230-210"	67.2692558839395	66.7773897737274	66.8128779490674	3.3593106776822	3.32240297532862	3	0	0	0	12	0	0	0	0	3	0	0	0	0	0	0	0	0	0	0	0	0	0	0	0	0	2	0	0	0	0	0	0	0	0	0	0	0	0	0	0	0	0	0	0	0	0	0	0	0	0	2	0	0	0	0	0	0	0
"track39"	"track39"	140892	94777	94084	94134	4733	4681	12	81	"Truncq_11"	"rmphix_FALSE"	"MaxEE_1-1"	"TruncLen_230-210"	67.2692558839395	66.7773897737274	66.8128779490674	3.3593106776822	3.32240297532862	3	0	0	0	11	0	0	0	0	3	0	0	0	0	0	0	0	0	0	0	0	0	0	0	0	0	2	0	0	0	0	0	0	0	0	0	0	0	0	0	0	0	0	0	0	0	0	0	0	0	0	2	0	0	0	0	0	0	0
"track40"	"track40"	140892	13656	13429	13523	832	832	2	26	"Truncq_15"	"rmphix_FALSE"	"MaxEE_1-1"	"TruncLen_230-210"	9.69253044885444	9.53141413281095	9.5981319024501	0.590523237657213	0.590523237657213	0	0	0	0	2	0	0	0	0	0	0	0	0	0	0	0	0	0	0	0	0	0	0	0	0	0	0	0	0	0	0	0	0	0	0	0	0	0	0	0	0	0	0	0	0	0	0	0	0	0	0	0	0	0	0	0	0	0	0
"track41"	"track41"	140892	102589	101914	101846	5223	5168	4	93	"Truncq_2"	"rmphix_FALSE"	"MaxEE_1-1"	"TruncLen_210-190"	72.8139283990574	72.3348380319677	72.2865741135054	3.70709479601397	3.66805780313999	3	0	0	0	4	0	0	0	0	0	0	0	0	0	0	0	0	0	0	0	0	0	0	0	0	0	2	0	0	0	0	0	0	0	0	0	0	0	0	0	0	0	0	0	0	0	0	0	0	0	0	6	0	0	0	0	0	0	0
"track42"	"track42"	140892	102589	101914	101846	5223	5168	4	93	"Truncq_4"	"rmphix_FALSE"	"MaxEE_1-1"	"TruncLen_210-190"	72.8139283990574	72.3348380319677	72.2865741135054	3.70709479601397	3.66805780313999	3	0	0	0	4	0	0	0	0	0	0	0	0	0	0	0	0	0	0	0	0	0	0	0	0	0	2	0	0	0	0	0	0	0	0	0	0	0	0	0	0	0	0	0	0	0	0	0	0	0	0	4	0	0	0	0	0	0	0
"track43"	"track43"	140892	102589	101914	101846	5223	5168	4	93	"Truncq_7"	"rmphix_FALSE"	"MaxEE_1-1"	"TruncLen_210-190"	72.8139283990574	72.3348380319677	72.2865741135054	3.70709479601397	3.66805780313999	3	0	0	0	4	0	0	0	0	0	0	0	0	0	0	0	0	0	0	0	0	0	0	0	0	0	2	0	0	0	0	0	0	0	0	0	0	0	0	0	0	0	0	0	0	0	0	0	0	0	0	2	0	0	0	0	0	0	0
"track44"	"track44"	140892	102589	101914	101846	5223	5168	5	92	"Truncq_11"	"rmphix_FALSE"	"MaxEE_1-1"	"TruncLen_210-190"	72.8139283990574	72.3348380319677	72.2865741135054	3.70709479601397	3.66805780313999	3	0	0	0	4	0	0	0	0	0	0	0	0	0	0	0	0	0	0	0	0	0	0	0	0	0	2	0	0	0	0	0	0	0	0	0	0	0	0	0	0	0	0	0	0	0	0	0	0	0	0	4	0	0	0	0	0	0	0
"track45"	"track45"	140892	24401	24112	24164	1803	1803	2	34	"Truncq_15"	"rmphix_FALSE"	"MaxEE_1-1"	"TruncLen_210-190"	17.3189393294154	17.1138176759504	17.1507253783039	1.27970360275956	1.27970360275956	0	0	0	0	2	0	0	0	0	0	0	0	0	0	0	0	0	0	0	0	0	0	0	0	0	0	0	0	0	0	0	0	0	0	0	0	0	0	0	0	0	0	0	0	0	0	0	0	0	0	0	0	0	0	0	0	0	0	0
"track46"	"track46"	140892	111165	110592	110263	4982	4916	3	77	"Truncq_2"	"rmphix_FALSE"	"MaxEE_1-1"	"TruncLen_180-160"	78.9008602333702	78.4941657439741	78.2606535502371	3.53604179087528	3.48919739942651	0	0	0	0	2	0	0	0	0	0	0	0	0	0	0	0	0	0	0	0	0	0	0	0	0	0	2	0	0	0	0	0	0	0	0	0	0	0	0	0	0	0	0	0	0	0	0	0	0	0	0	6	0	0	0	0	0	0	0
"track47"	"track47"	140892	111165	110592	110263	4982	4916	3	77	"Truncq_4"	"rmphix_FALSE"	"MaxEE_1-1"	"TruncLen_180-160"	78.9008602333702	78.4941657439741	78.2606535502371	3.53604179087528	3.48919739942651	0	0	0	0	2	0	0	0	0	0	0	0	0	0	0	0	0	0	0	0	0	0	0	0	0	0	2	0	0	0	0	0	0	0	0	0	0	0	0	0	0	0	0	0	0	0	0	0	0	0	0	2	0	0	0	0	0	0	0
"track48"	"track48"	140892	111165	110592	110263	4982	4916	3	77	"Truncq_7"	"rmphix_FALSE"	"MaxEE_1-1"	"TruncLen_180-160"	78.9008602333702	78.4941657439741	78.2606535502371	3.53604179087528	3.48919739942651	0	0	0	0	2	0	0	0	0	0	0	0	0	0	0	0	0	0	0	0	0	0	0	0	0	0	2	0	0	0	0	0	0	0	0	0	0	0	0	0	0	0	0	0	0	0	0	0	0	0	0	2	0	0	0	0	0	0	0
"track49"	"track49"	140892	111165	110592	110263	4982	4916	3	77	"Truncq_11"	"rmphix_FALSE"	"MaxEE_1-1"	"TruncLen_180-160"	78.9008602333702	78.4941657439741	78.2606535502371	3.53604179087528	3.48919739942651	0	0	0	0	2	0	0	0	0	0	0	0	0	0	0	0	0	0	0	0	0	0	0	0	0	0	2	0	0	0	0	0	0	0	0	0	0	0	0	0	0	0	0	0	0	0	0	0	0	0	0	2	0	0	0	0	0	0	0
"track50"	"track50"	140892	39171	38850	38878	2489	2489	0	33	"Truncq_15"	"rmphix_FALSE"	"MaxEE_1-1"	"TruncLen_180-160"	27.8021463248446	27.5743122391619	27.5941856173523	1.76660136842404	1.76660136842404	0	0	0	0	0	0	0	0	0	0	0	0	0	0	0	0	0	0	0	0	0	0	0	0	0	0	0	0	0	0	0	0	0	0	0	0	0	0	0	0	0	0	0	0	0	0	0	0	0	0	0	0	0	0	0	0	0	0	0
"track51"	"track51"	140892	100502	99471	99029	77305	63139	118	84	"Truncq_2"	"rmphix_TRUE"	"MaxEE_2-2"	"TruncLen_0-0"	71.3326519603668	70.6008857848565	70.2871703148511	54.868267893138	44.8137580558158	18254	11566	2598	7380	3581	3177	1432	1115	1001	3419	789	483	605	608	130	111	116	250	88	133	143	102	228	64	90	47	44	50	73	0	38	30	33	21	3	4	5	2	0	77	29	0	0	0	0	0	0	0	0	0	0	0	0	0	0	0	0	0	0
"track52"	"track52"	140892	100502	99471	99029	77305	63139	119	83	"Truncq_4"	"rmphix_TRUE"	"MaxEE_2-2"	"TruncLen_0-0"	71.3326519603668	70.6008857848565	70.2871703148511	54.868267893138	44.8137580558158	18254	11566	2598	7377	3581	3177	1432	1115	1001	3419	789	483	605	608	130	111	116	250	88	133	143	102	228	64	90	47	44	50	73	0	38	30	33	21	3	4	5	2	0	77	29	0	0	0	0	0	0	0	0	0	0	0	0	0	0	0	0	0	0
"track53"	"track53"	140892	100502	99471	99029	77305	63139	118	84	"Truncq_7"	"rmphix_TRUE"	"MaxEE_2-2"	"TruncLen_0-0"	71.3326519603668	70.6008857848565	70.2871703148511	54.868267893138	44.8137580558158	18254	11566	2598	7380	3581	3177	1432	1115	1001	3419	789	483	605	608	130	111	116	250	88	133	143	102	228	64	90	47	44	50	73	0	38	30	33	21	3	4	5	2	0	77	29	0	0	0	0	0	0	0	3	0	0	0	0	0	0	0	0	0	0
"track54"	"track54"	140892	100502	99471	99029	77305	63139	118	84	"Truncq_11"	"rmphix_TRUE"	"MaxEE_2-2"	"TruncLen_0-0"	71.3326519603668	70.6008857848565	70.2871703148511	54.868267893138	44.8137580558158	18254	11566	2598	7380	3581	3177	1432	1115	1001	3419	789	483	605	608	130	111	116	250	88	133	143	102	228	64	90	47	44	50	73	0	38	30	33	21	3	4	5	2	0	77	29	0	0	0	0	0	0	0	0	0	0	0	0	0	0	0	0	0	0
"track55"	"track55"	140892	129060	127879	128940	4324	4324	2	20	"Truncq_15"	"rmphix_TRUE"	"MaxEE_2-2"	"TruncLen_0-0"	91.6020781875479	90.7638474860177	91.516906566732	3.06901740340119	3.06901740340119	0	0	0	0	15	0	0	0	0	0	0	0	0	0	0	0	0	0	0	0	0	0	0	0	0	0	0	0	0	0	0	0	0	0	0	0	0	0	0	0	0	0	0	0	0	0	0	0	0	0	0	0	0	0	0	0	0	0	0
"track56"	"track56"	140892	43168	42489	42207	38836	31865	160	80	"Truncq_2"	"rmphix_TRUE"	"MaxEE_2-2"	"TruncLen_250-230"	30.6390710615223	30.1571416404054	29.9569883314879	27.5643755500667	22.6166141441672	744	453	94	7796	4518	3294	52	1153	1477	3738	852	506	222	653	149	0	126	247	90	0	181	113	314	68	90	53	44	64	0	32	50	0	15	21	5	4	5	0	27	105	122	52	17	0	8	6	7	4	5	3	2	0	0	6	3	2	0	0	0
"track57"	"track57"	140892	43168	42489	42207	38836	31865	159	81	"Truncq_4"	"rmphix_TRUE"	"MaxEE_2-2"	"TruncLen_250-230"	30.6390710615223	30.1571416404054	29.9569883314879	27.5643755500667	22.6166141441672	744	453	94	7796	4510	3294	52	1153	1477	3738	852	506	222	653	149	0	126	247	90	0	181	113	314	68	90	53	44	64	0	32	50	0	15	21	5	4	5	0	27	105	122	52	17	0	8	6	7	4	5	3	2	4	4	6	3	2	0	0	0
"track58"	"track58"	140892	43168	42489	42207	38836	31865	159	81	"Truncq_7"	"rmphix_TRUE"	"MaxEE_2-2"	"TruncLen_250-230"	30.6390710615223	30.1571416404054	29.9569883314879	27.5643755500667	22.6166141441672	744	453	94	7796	4518	3294	52	1153	1477	3738	852	506	222	653	149	0	126	247	90	0	181	113	314	68	90	53	44	64	0	32	50	0	15	21	5	4	5	0	27	105	122	52	17	0	8	6	7	4	3	3	2	0	0	6	3	2	0	0	0
"track59"	"track59"	140892	43168	42489	42207	38836	31865	156	84	"Truncq_11"	"rmphix_TRUE"	"MaxEE_2-2"	"TruncLen_250-230"	30.6390710615223	30.1571416404054	29.9569883314879	27.5643755500667	22.6166141441672	744	453	94	7796	4518	3294	52	1153	1477	3738	852	506	222	653	149	0	126	247	90	0	181	113	314	68	90	53	44	64	0	32	50	0	15	21	5	4	5	0	27	105	122	52	17	0	8	6	7	4	5	3	2	4	0	6	3	2	0	0	0
"track60"	"track60"	140892	2767	2679	2683	2447	2336	46	11	"Truncq_15"	"rmphix_TRUE"	"MaxEE_2-2"	"TruncLen_250-230"	1.96391562331431	1.90145643471595	1.90429548874315	1.73679130113846	1.65800755188371	0	0	0	625	288	251	0	193	98	193	51	84	9	86	12	0	4	0	13	0	0	6	0	6	8	0	0	0	0	4	5	0	0	0	0	0	0	0	0	0	0	0	0	0	0	0	0	0	0	0	11	0	9	0	0	0	2	0	0
"track61"	"track61"	140892	114947	114097	113826	5677	5614	9	89	"Truncq_2"	"rmphix_TRUE"	"MaxEE_2-2"	"TruncLen_230-210"	81.5851858160861	80.9818868353065	80.7895409249638	4.02932742810096	3.98461232717259	4	0	0	0	11	0	0	0	0	3	0	0	0	0	0	0	0	0	0	0	0	0	0	0	0	0	2	0	0	0	0	0	0	0	0	0	0	0	0	0	0	0	0	0	0	0	0	0	0	0	0	6	0	0	0	0	0	0	0
"track62"	"track62"	140892	114947	114097	113826	5677	5614	10	88	"Truncq_4"	"rmphix_TRUE"	"MaxEE_2-2"	"TruncLen_230-210"	81.5851858160861	80.9818868353065	80.7895409249638	4.02932742810096	3.98461232717259	4	0	0	0	11	0	0	0	0	3	0	0	0	0	0	0	0	0	0	0	0	0	0	0	0	0	2	0	0	0	0	0	0	0	0	0	0	0	0	0	0	0	0	0	0	0	0	0	0	0	0	6	0	0	0	0	0	0	0
"track63"	"track63"	140892	114947	114097	113826	5677	5614	9	89	"Truncq_7"	"rmphix_TRUE"	"MaxEE_2-2"	"TruncLen_230-210"	81.5851858160861	80.9818868353065	80.7895409249638	4.02932742810096	3.98461232717259	4	0	0	0	12	0	0	0	0	3	0	0	0	0	0	0	0	0	0	0	0	0	0	0	0	0	2	0	0	0	0	0	0	0	0	0	0	0	0	0	0	0	0	0	0	0	0	0	0	0	0	2	0	0	0	0	0	0	0
"track64"	"track64"	140892	114947	114097	113826	5677	5614	9	89	"Truncq_11"	"rmphix_TRUE"	"MaxEE_2-2"	"TruncLen_230-210"	81.5851858160861	80.9818868353065	80.7895409249638	4.02932742810096	3.98461232717259	4	0	0	0	12	0	0	0	0	3	0	0	0	0	0	0	0	0	0	0	0	0	0	0	0	0	2	0	0	0	0	0	0	0	0	0	0	0	0	0	0	0	0	0	0	0	0	0	0	0	0	2	0	0	0	0	0	0	0
"track65"	"track65"	140892	13656	13429	13523	832	832	3	25	"Truncq_15"	"rmphix_TRUE"	"MaxEE_2-2"	"TruncLen_230-210"	9.69253044885444	9.53141413281095	9.5981319024501	0.590523237657213	0.590523237657213	0	0	0	0	2	0	0	0	0	0	0	0	0	0	0	0	0	0	0	0	0	0	0	0	0	0	0	0	0	0	0	0	0	0	0	0	0	0	0	0	0	0	0	0	0	0	0	0	0	0	0	0	0	0	0	0	0	0	0
"track66"	"track66"	140892	120557	119729	119414	6080	6019	6	96	"Truncq_2"	"rmphix_TRUE"	"MaxEE_2-2"	"TruncLen_210-190"	85.5669590892315	84.9792749056015	84.7556994009596	4.31536212134117	4.2720665474264	4	1	0	0	4	0	0	0	0	0	0	0	0	0	0	0	0	0	0	0	0	0	0	0	0	0	2	0	1	0	0	0	0	0	0	0	0	0	0	0	0	0	0	0	0	0	0	0	0	0	0	6	0	0	0	0	0	0	0
"track67"	"track67"	140892	120557	119729	119414	6080	6019	5	97	"Truncq_4"	"rmphix_TRUE"	"MaxEE_2-2"	"TruncLen_210-190"	85.5669590892315	84.9792749056015	84.7556994009596	4.31536212134117	4.2720665474264	4	1	0	0	4	0	0	0	0	0	0	0	0	0	0	0	0	0	0	0	0	0	0	0	0	0	2	0	1	0	0	0	0	0	0	0	0	0	0	0	0	0	0	0	0	0	0	0	0	0	0	6	0	0	0	0	0	0	0
"track68"	"track68"	140892	120557	119729	119414	6080	6019	7	95	"Truncq_7"	"rmphix_TRUE"	"MaxEE_2-2"	"TruncLen_210-190"	85.5669590892315	84.9792749056015	84.7556994009596	4.31536212134117	4.2720665474264	4	1	0	0	4	0	0	0	0	0	0	0	0	0	0	0	0	0	0	0	0	0	0	0	0	0	2	0	1	0	0	0	0	0	0	0	0	0	0	0	0	0	0	0	0	0	0	0	0	0	0	4	0	0	0	0	0	0	0
"track69"	"track69"	140892	120557	119729	119414	6080	6019	6	96	"Truncq_11"	"rmphix_TRUE"	"MaxEE_2-2"	"TruncLen_210-190"	85.5669590892315	84.9792749056015	84.7556994009596	4.31536212134117	4.2720665474264	4	1	0	0	4	0	0	0	0	0	0	0	0	0	0	0	0	0	0	0	0	0	0	0	0	0	2	0	1	0	0	0	0	0	0	0	0	0	0	0	0	0	0	0	0	0	0	0	0	0	0	2	0	0	0	0	0	0	0
"track70"	"track70"	140892	24401	24112	24164	1803	1803	2	34	"Truncq_15"	"rmphix_TRUE"	"MaxEE_2-2"	"TruncLen_210-190"	17.3189393294154	17.1138176759504	17.1507253783039	1.27970360275956	1.27970360275956	0	0	0	0	2	0	0	0	0	0	0	0	0	0	0	0	0	0	0	0	0	0	0	0	0	0	0	0	0	0	0	0	0	0	0	0	0	0	0	0	0	0	0	0	0	0	0	0	0	0	0	0	0	0	0	0	0	0	0
"track71"	"track71"	140892	127640	126872	126155	5678	5606	4	80	"Truncq_2"	"rmphix_TRUE"	"MaxEE_2-2"	"TruncLen_180-160"	90.5942140078926	90.0491156346705	89.5402152002953	4.03003719160776	3.97893421911819	0	0	0	0	2	0	0	0	0	0	0	0	0	0	0	0	0	0	0	0	0	0	0	0	0	0	2	0	0	0	0	0	0	0	0	0	0	0	0	0	0	0	0	0	0	0	0	0	0	0	0	2	0	0	0	0	0	0	0
"track72"	"track72"	140892	127640	126872	126155	5678	5606	3	81	"Truncq_4"	"rmphix_TRUE"	"MaxEE_2-2"	"TruncLen_180-160"	90.5942140078926	90.0491156346705	89.5402152002953	4.03003719160776	3.97893421911819	0	0	0	0	2	0	0	0	0	0	0	0	0	0	0	0	0	0	0	0	0	0	0	0	0	0	2	0	0	0	0	0	0	0	0	0	0	0	0	0	0	0	0	0	0	0	0	0	0	0	0	6	0	0	0	0	0	0	0
"track73"	"track73"	140892	127640	126872	126155	5678	5606	3	81	"Truncq_7"	"rmphix_TRUE"	"MaxEE_2-2"	"TruncLen_180-160"	90.5942140078926	90.0491156346705	89.5402152002953	4.03003719160776	3.97893421911819	0	0	0	0	2	0	0	0	0	0	0	0	0	0	0	0	0	0	0	0	0	0	0	0	0	0	2	0	0	0	0	0	0	0	0	0	0	0	0	0	0	0	0	0	0	0	0	0	0	0	0	2	0	0	0	0	0	0	0
"track74"	"track74"	140892	127640	126872	126155	5678	5606	4	80	"Truncq_11"	"rmphix_TRUE"	"MaxEE_2-2"	"TruncLen_180-160"	90.5942140078926	90.0491156346705	89.5402152002953	4.03003719160776	3.97893421911819	0	0	0	0	2	0	0	0	0	0	0	0	0	0	0	0	0	0	0	0	0	0	0	0	0	0	2	0	0	0	0	0	0	0	0	0	0	0	0	0	0	0	0	0	0	0	0	0	0	0	0	2	0	0	0	0	0	0	0
"track75"	"track75"	140892	39171	38850	38878	2489	2489	0	33	"Truncq_15"	"rmphix_TRUE"	"MaxEE_2-2"	"TruncLen_180-160"	27.8021463248446	27.5743122391619	27.5941856173523	1.76660136842404	1.76660136842404	0	0	0	0	0	0	0	0	0	0	0	0	0	0	0	0	0	0	0	0	0	0	0	0	0	0	0	0	0	0	0	0	0	0	0	0	0	0	0	0	0	0	0	0	0	0	0	0	0	0	0	0	0	0	0	0	0	0	0
"track76"	"track76"	140892	100502	99471	99029	77305	63139	118	84	"Truncq_2"	"rmphix_FALSE"	"MaxEE_2-2"	"TruncLen_0-0"	71.3326519603668	70.6008857848565	70.2871703148511	54.868267893138	44.8137580558158	18254	11566	2598	7380	3581	3177	1432	1115	1001	3419	789	483	605	608	130	111	116	250	88	133	143	102	228	64	90	47	44	50	73	0	38	30	33	21	3	4	5	2	0	77	29	0	0	0	0	0	0	0	0	0	0	0	0	0	0	0	0	0	0
"track77"	"track77"	140892	100502	99471	99029	77305	63139	118	84	"Truncq_4"	"rmphix_FALSE"	"MaxEE_2-2"	"TruncLen_0-0"	71.3326519603668	70.6008857848565	70.2871703148511	54.868267893138	44.8137580558158	18254	11566	2598	7380	3581	3177	1432	1115	1001	3419	789	483	605	608	130	111	116	250	88	133	143	102	228	64	90	47	44	50	73	0	38	30	33	21	3	4	5	2	0	77	29	0	0	0	0	0	0	0	0	0	0	0	0	0	0	0	0	0	0
"track78"	"track78"	140892	100502	99471	99029	77305	63139	118	84	"Truncq_7"	"rmphix_FALSE"	"MaxEE_2-2"	"TruncLen_0-0"	71.3326519603668	70.6008857848565	70.2871703148511	54.868267893138	44.8137580558158	18254	11566	2598	7380	3581	3177	1432	1115	1001	3419	789	483	605	608	130	111	116	250	88	133	143	102	228	64	90	47	44	50	73	0	38	30	33	21	3	4	5	2	0	77	29	0	0	0	0	0	0	0	0	0	0	0	0	0	0	0	0	0	0
"track79"	"track79"	140892	100502	99471	99029	77305	63139	118	84	"Truncq_11"	"rmphix_FALSE"	"MaxEE_2-2"	"TruncLen_0-0"	71.3326519603668	70.6008857848565	70.2871703148511	54.868267893138	44.8137580558158	18254	11566	2598	7380	3581	3177	1432	1115	1001	3419	789	483	605	608	130	111	116	250	88	133	143	102	228	64	90	47	44	50	73	0	38	30	33	21	3	4	5	2	0	77	29	0	0	0	0	0	0	0	0	0	0	0	0	0	0	0	0	0	0
"track80"	"track80"	140892	129060	127879	128940	4324	4324	0	21	"Truncq_15"	"rmphix_FALSE"	"MaxEE_2-2"	"TruncLen_0-0"	91.6020781875479	90.7638474860177	91.516906566732	3.06901740340119	3.06901740340119	0	0	0	0	15	0	0	0	0	0	0	0	0	0	0	0	0	0	0	0	0	0	0	0	0	0	0	0	0	0	0	0	0	0	0	0	0	0	0	0	0	0	0	0	0	0	0	0	0	0	0	0	0	0	0	0	0	0	0
"track81"	"track81"	140892	43168	42489	42207	38836	31865	159	81	"Truncq_2"	"rmphix_FALSE"	"MaxEE_2-2"	"TruncLen_250-230"	30.6390710615223	30.1571416404054	29.9569883314879	27.5643755500667	22.6166141441672	744	453	94	7796	4518	3294	52	1153	1477	3738	852	506	222	653	149	0	126	247	90	0	181	113	314	68	90	53	44	64	0	32	50	0	15	21	5	4	5	0	27	105	122	52	17	0	8	6	7	4	5	3	2	4	4	6	3	2	0	0	0
"track82"	"track82"	140892	43168	42489	42207	38836	31865	159	81	"Truncq_4"	"rmphix_FALSE"	"MaxEE_2-2"	"TruncLen_250-230"	30.6390710615223	30.1571416404054	29.9569883314879	27.5643755500667	22.6166141441672	744	453	94	7796	4518	3294	52	1153	1477	3738	852	506	222	653	149	0	126	247	90	0	181	113	314	68	90	53	44	64	0	32	50	0	15	21	5	4	5	0	27	105	122	52	17	0	8	6	7	4	5	3	2	2	4	6	3	2	0	0	0
"track83"	"track83"	140892	43168	42489	42207	38836	31865	159	81	"Truncq_7"	"rmphix_FALSE"	"MaxEE_2-2"	"TruncLen_250-230"	30.6390710615223	30.1571416404054	29.9569883314879	27.5643755500667	22.6166141441672	744	453	94	7796	4518	3294	52	1153	1477	3738	852	506	222	653	149	0	126	247	90	0	181	113	314	68	90	53	44	64	0	32	50	0	15	21	5	4	5	0	27	105	122	52	17	0	8	6	7	4	5	3	2	0	0	6	3	2	0	0	0
"track84"	"track84"	140892	43168	42489	42207	38836	31865	158	82	"Truncq_11"	"rmphix_FALSE"	"MaxEE_2-2"	"TruncLen_250-230"	30.6390710615223	30.1571416404054	29.9569883314879	27.5643755500667	22.6166141441672	744	453	94	7796	4518	3294	52	1153	1477	3738	852	506	222	653	149	0	126	247	90	0	181	113	314	68	90	53	44	64	0	32	50	0	15	21	5	4	5	0	27	105	122	52	17	0	8	6	7	4	5	3	2	0	0	6	3	2	0	0	0
"track85"	"track85"	140892	2767	2679	2683	2447	2336	45	12	"Truncq_15"	"rmphix_FALSE"	"MaxEE_2-2"	"TruncLen_250-230"	1.96391562331431	1.90145643471595	1.90429548874315	1.73679130113846	1.65800755188371	0	0	0	625	288	251	0	193	98	193	51	84	9	86	12	0	4	0	13	0	0	6	0	6	8	0	0	0	0	4	5	0	0	0	0	0	0	0	0	0	0	0	0	0	0	0	0	0	0	0	11	0	9	0	0	0	0	0	0
"track86"	"track86"	140892	114947	114097	113826	5677	5614	10	88	"Truncq_2"	"rmphix_FALSE"	"MaxEE_2-2"	"TruncLen_230-210"	81.5851858160861	80.9818868353065	80.7895409249638	4.02932742810096	3.98461232717259	4	0	0	0	12	0	0	0	0	3	0	0	0	0	0	0	0	0	0	0	0	0	0	0	0	0	2	0	0	0	0	0	0	0	0	0	0	0	0	0	0	0	0	0	0	0	0	0	0	0	0	2	0	0	0	0	0	0	0
"track87"	"track87"	140892	114947	114097	113826	5677	5614	9	89	"Truncq_4"	"rmphix_FALSE"	"MaxEE_2-2"	"TruncLen_230-210"	81.5851858160861	80.9818868353065	80.7895409249638	4.02932742810096	3.98461232717259	4	0	0	0	11	0	0	0	0	3	0	0	0	0	0	0	0	0	0	0	0	0	0	0	0	0	2	0	0	0	0	0	0	0	0	0	0	0	0	0	0	0	0	0	0	0	0	0	0	0	0	6	0	0	0	0	0	0	0
"track88"	"track88"	140892	114947	114097	113826	5677	5614	9	89	"Truncq_7"	"rmphix_FALSE"	"MaxEE_2-2"	"TruncLen_230-210"	81.5851858160861	80.9818868353065	80.7895409249638	4.02932742810096	3.98461232717259	4	0	0	0	11	0	0	0	0	3	0	0	0	0	0	0	0	0	0	0	0	0	0	0	0	0	2	0	0	0	0	0	0	0	0	0	0	0	0	0	0	0	0	0	0	0	0	0	0	0	0	0	0	0	0	0	0	0	0
"track89"	"track89"	140892	114947	114097	113826	5677	5614	9	89	"Truncq_11"	"rmphix_FALSE"	"MaxEE_2-2"	"TruncLen_230-210"	81.5851858160861	80.9818868353065	80.7895409249638	4.02932742810096	3.98461232717259	4	0	0	0	11	0	0	0	0	3	0	0	0	0	0	0	0	0	0	0	0	0	0	0	0	0	2	0	0	0	0	0	0	0	0	0	0	0	0	0	0	0	0	0	0	0	0	0	0	0	0	6	0	0	0	0	0	0	0
"track90"	"track90"	140892	13656	13429	13523	832	832	0	27	"Truncq_15"	"rmphix_FALSE"	"MaxEE_2-2"	"TruncLen_230-210"	9.69253044885444	9.53141413281095	9.5981319024501	0.590523237657213	0.590523237657213	0	0	0	0	2	0	0	0	0	0	0	0	0	0	0	0	0	0	0	0	0	0	0	0	0	0	0	0	0	0	0	0	0	0	0	0	0	0	0	0	0	0	0	0	0	0	0	0	0	0	0	0	0	0	0	0	0	0	0
"track91"	"track91"	140892	120557	119729	119414	6080	6019	5	97	"Truncq_2"	"rmphix_FALSE"	"MaxEE_2-2"	"TruncLen_210-190"	85.5669590892315	84.9792749056015	84.7556994009596	4.31536212134117	4.2720665474264	4	1	0	0	4	0	0	0	0	0	0	0	0	0	0	0	0	0	0	0	0	0	0	0	0	0	2	0	1	0	0	0	0	0	0	0	0	0	0	0	0	0	0	0	0	0	0	0	0	0	0	2	0	0	0	0	0	0	0
"track92"	"track92"	140892	120557	119729	119414	6080	6019	5	97	"Truncq_4"	"rmphix_FALSE"	"MaxEE_2-2"	"TruncLen_210-190"	85.5669590892315	84.9792749056015	84.7556994009596	4.31536212134117	4.2720665474264	4	1	0	0	4	0	0	0	0	0	0	0	0	0	0	0	0	0	0	0	0	0	0	0	0	0	2	0	1	0	0	0	0	0	0	0	0	0	0	0	0	0	0	0	0	0	0	0	0	0	0	2	0	0	0	0	0	0	0
"track93"	"track93"	140892	120557	119729	119414	6080	6019	5	97	"Truncq_7"	"rmphix_FALSE"	"MaxEE_2-2"	"TruncLen_210-190"	85.5669590892315	84.9792749056015	84.7556994009596	4.31536212134117	4.2720665474264	4	0	0	0	4	0	0	0	0	0	0	0	0	0	0	0	0	0	0	0	0	0	0	0	0	0	2	0	1	0	0	0	0	0	0	0	0	0	0	0	0	0	0	0	0	0	0	0	0	0	0	2	0	0	0	0	0	0	0
"track94"	"track94"	140892	120557	119729	119414	6080	6019	5	97	"Truncq_11"	"rmphix_FALSE"	"MaxEE_2-2"	"TruncLen_210-190"	85.5669590892315	84.9792749056015	84.7556994009596	4.31536212134117	4.2720665474264	4	1	0	0	4	0	0	0	0	0	0	0	0	0	0	0	0	0	0	0	0	0	0	0	0	0	2	0	1	0	0	0	0	0	0	0	0	0	0	0	0	0	0	0	0	0	0	0	0	0	0	2	0	0	0	0	0	0	0
"track95"	"track95"	140892	24401	24112	24164	1803	1803	0	35	"Truncq_15"	"rmphix_FALSE"	"MaxEE_2-2"	"TruncLen_210-190"	17.3189393294154	17.1138176759504	17.1507253783039	1.27970360275956	1.27970360275956	0	0	0	0	2	0	0	0	0	0	0	0	0	0	0	0	0	0	0	0	0	0	0	0	0	0	0	0	0	0	0	0	0	0	0	0	0	0	0	0	0	0	0	0	0	0	0	0	0	0	0	0	0	0	0	0	0	0	0
"track96"	"track96"	140892	127640	126872	126155	5678	5606	3	81	"Truncq_2"	"rmphix_FALSE"	"MaxEE_2-2"	"TruncLen_180-160"	90.5942140078926	90.0491156346705	89.5402152002953	4.03003719160776	3.97893421911819	0	0	0	0	2	0	0	0	0	0	0	0	0	0	0	0	0	0	0	0	0	0	0	0	0	0	2	0	0	0	0	0	0	0	0	0	0	0	0	0	0	0	0	0	0	0	0	0	0	0	0	2	0	0	0	0	0	0	0
"track97"	"track97"	140892	127640	126872	126155	5678	5606	4	80	"Truncq_4"	"rmphix_FALSE"	"MaxEE_2-2"	"TruncLen_180-160"	90.5942140078926	90.0491156346705	89.5402152002953	4.03003719160776	3.97893421911819	0	0	0	0	2	0	0	0	0	0	0	0	0	0	0	0	0	0	0	0	0	0	0	0	0	0	2	0	0	0	0	0	0	0	0	0	0	0	0	0	0	0	0	0	0	0	0	0	0	0	0	0	0	0	0	0	0	0	0
"track98"	"track98"	140892	127640	126872	126155	5678	5606	3	81	"Truncq_7"	"rmphix_FALSE"	"MaxEE_2-2"	"TruncLen_180-160"	90.5942140078926	90.0491156346705	89.5402152002953	4.03003719160776	3.97893421911819	0	0	0	0	2	0	0	0	0	0	0	0	0	0	0	0	0	0	0	0	0	0	0	0	0	0	2	0	0	0	0	0	0	0	0	0	0	0	0	0	0	0	0	0	0	0	0	0	0	0	0	6	0	0	0	0	0	0	0
"track99"	"track99"	140892	127640	126872	126155	5678	5606	3	81	"Truncq_11"	"rmphix_FALSE"	"MaxEE_2-2"	"TruncLen_180-160"	90.5942140078926	90.0491156346705	89.5402152002953	4.03003719160776	3.97893421911819	0	0	0	0	2	0	0	0	0	0	0	0	0	0	0	0	0	0	0	0	0	0	0	0	0	0	2	0	0	0	0	0	0	0	0	0	0	0	0	0	0	0	0	0	0	0	0	0	0	0	0	6	0	0	0	0	0	0	0
"track100"	"track100"	140892	39171	38850	38878	2489	2489	0	32	"Truncq_15"	"rmphix_FALSE"	"MaxEE_2-2"	"TruncLen_180-160"	27.8021463248446	27.5743122391619	27.5941856173523	1.76660136842404	1.76660136842404	0	0	0	0	0	0	0	0	0	0	0	0	0	0	0	0	0	0	0	0	0	0	0	0	0	0	0	0	0	0	0	0	0	0	0	0	0	0	0	0	0	0	0	0	0	0	0	0	0	0	0	0	0	0	0	0	0	0	0
"track101"	"track101"	140892	116381	115112	114074	86762	70737	123	84	"Truncq_2"	"rmphix_TRUE"	"MaxEE_3-3"	"TruncLen_0-0"	82.6029866848366	81.702296794708	80.9655622746501	61.5805013769412	50.2065411804787	20363	12792	2865	8327	3802	3585	1555	1295	1149	3989	933	548	688	688	158	136	136	309	100	151	181	121	295	72	94	57	55	65	88	0	44	35	44	21	4	4	7	2	0	96	42	0	0	0	0	0	0	0	0	0	0	0	0	0	0	0	0	0	0
"track102"	"track102"	140892	116381	115112	114074	86762	70737	124	83	"Truncq_4"	"rmphix_TRUE"	"MaxEE_3-3"	"TruncLen_0-0"	82.6029866848366	81.702296794708	80.9655622746501	61.5805013769412	50.2065411804787	20363	12792	2865	8327	3802	3585	1555	1295	1149	3989	933	548	688	688	158	136	136	309	100	151	181	121	295	72	94	57	55	65	88	0	44	35	44	21	4	4	7	2	0	96	42	0	0	0	0	0	0	0	0	0	0	0	0	0	0	0	0	0	0
"track103"	"track103"	140892	116381	115112	114074	86762	70737	124	83	"Truncq_7"	"rmphix_TRUE"	"MaxEE_3-3"	"TruncLen_0-0"	82.6029866848366	81.702296794708	80.9655622746501	61.5805013769412	50.2065411804787	20363	12792	2865	8327	3802	3585	1555	1295	1149	3989	933	548	688	688	158	136	136	309	100	151	181	121	295	72	94	57	55	65	88	0	44	35	44	21	4	4	7	2	0	96	42	0	0	0	0	0	0	0	0	0	0	0	0	0	0	0	0	0	0
"track104"	"track104"	140892	116381	115112	114074	86762	70737	123	84	"Truncq_11"	"rmphix_TRUE"	"MaxEE_3-3"	"TruncLen_0-0"	82.6029866848366	81.702296794708	80.9655622746501	61.5805013769412	50.2065411804787	20363	12792	2865	8327	3802	3585	1555	1295	1149	3989	933	548	688	688	158	136	136	309	100	151	181	121	295	72	94	57	55	65	88	0	44	35	44	21	4	4	7	2	0	96	42	0	0	0	0	0	0	0	0	0	0	0	0	0	0	0	0	0	0
"track105"	"track105"	140892	129060	127879	128940	4324	4324	2	20	"Truncq_15"	"rmphix_TRUE"	"MaxEE_3-3"	"TruncLen_0-0"	91.6020781875479	90.7638474860177	91.516906566732	3.06901740340119	3.06901740340119	0	0	0	0	15	0	0	0	0	0	0	0	0	0	0	0	0	0	0	0	0	0	0	0	0	0	0	0	0	0	0	0	0	0	0	0	0	0	0	0	0	0	0	0	0	0	0	0	0	0	0	0	0	0	0	0	0	0	0
"track106"	"track106"	140892	49117	48167	47940	43610	35348	159	84	"Truncq_2"	"rmphix_TRUE"	"MaxEE_3-3"	"TruncLen_250-230"	34.8614541634727	34.1871788320132	34.0260625159697	30.9527865315277	25.0887204383499	1099	733	147	8581	4868	3369	74	1270	1624	4167	847	570	259	721	167	0	137	285	99	0	208	127	298	77	97	58	57	74	0	33	55	0	17	22	5	4	8	0	31	114	146	67	21	0	10	9	8	4	2	3	2	0	0	6	3	2	0	0	0
"track107"	"track107"	140892	49117	48167	47940	43610	35348	160	83	"Truncq_4"	"rmphix_TRUE"	"MaxEE_3-3"	"TruncLen_250-230"	34.8614541634727	34.1871788320132	34.0260625159697	30.9527865315277	25.0887204383499	1099	733	147	8581	4868	3369	74	1270	1624	4167	847	570	259	721	167	0	137	285	99	0	208	127	298	77	97	58	57	74	0	33	55	0	17	22	5	4	8	0	31	114	146	67	21	0	10	9	8	4	5	3	2	4	0	6	3	2	0	0	0
"track108"	"track108"	140892	49117	48167	47940	43610	35348	160	83	"Truncq_7"	"rmphix_TRUE"	"MaxEE_3-3"	"TruncLen_250-230"	34.8614541634727	34.1871788320132	34.0260625159697	30.9527865315277	25.0887204383499	1099	733	147	8581	4868	3369	74	1270	1624	4167	847	570	259	721	167	0	137	285	99	0	208	127	298	77	97	58	57	74	0	33	55	0	17	22	5	4	8	0	31	114	146	67	21	0	10	9	8	4	5	3	2	0	0	6	3	2	0	0	0
"track109"	"track109"	140892	49117	48167	47940	43610	35348	159	84	"Truncq_11"	"rmphix_TRUE"	"MaxEE_3-3"	"TruncLen_250-230"	34.8614541634727	34.1871788320132	34.0260625159697	30.9527865315277	25.0887204383499	1099	733	147	8581	4868	3369	74	1270	1624	4167	847	570	259	721	167	0	137	285	99	0	208	127	298	77	97	58	57	74	0	33	55	0	17	22	5	4	8	0	31	114	146	67	21	0	10	9	8	4	5	3	2	4	4	6	3	2	0	0	0
"track110"	"track110"	140892	2767	2679	2683	2447	2336	47	10	"Truncq_15"	"rmphix_TRUE"	"MaxEE_3-3"	"TruncLen_250-230"	1.96391562331431	1.90145643471595	1.90429548874315	1.73679130113846	1.65800755188371	0	0	0	627	288	251	0	193	98	193	51	84	9	86	12	0	4	0	13	0	0	6	0	6	8	0	0	0	0	4	5	0	0	0	0	0	0	0	0	0	0	0	0	0	0	0	0	0	0	0	11	0	0	0	0	0	0	0	0
"track111"	"track111"	140892	125536	124385	124129	6138	6073	12	90	"Truncq_2"	"rmphix_TRUE"	"MaxEE_3-3"	"TruncLen_230-210"	89.1008715895863	88.2839337932601	88.1022343355194	4.35652840473554	4.31039377679357	4	1	0	0	13	0	0	0	0	3	0	0	0	0	0	0	0	0	0	0	0	0	0	0	0	0	2	0	1	0	0	0	0	0	0	0	0	0	0	0	0	0	0	0	0	0	0	0	0	0	0	6	0	0	0	0	0	0	0
"track112"	"track112"	140892	125536	124385	124129	6138	6073	12	90	"Truncq_4"	"rmphix_TRUE"	"MaxEE_3-3"	"TruncLen_230-210"	89.1008715895863	88.2839337932601	88.1022343355194	4.35652840473554	4.31039377679357	4	1	0	0	12	0	0	0	0	3	0	0	0	0	0	0	0	0	0	0	0	0	0	0	0	0	2	0	1	0	0	0	0	0	0	0	0	0	0	0	0	0	0	0	0	0	0	0	0	0	0	6	0	0	0	0	0	0	0
"track113"	"track113"	140892	125536	124385	124129	6138	6073	11	91	"Truncq_7"	"rmphix_TRUE"	"MaxEE_3-3"	"TruncLen_230-210"	89.1008715895863	88.2839337932601	88.1022343355194	4.35652840473554	4.31039377679357	4	1	0	0	13	0	0	0	0	3	0	0	0	0	0	0	0	0	0	0	0	0	0	0	0	0	2	0	1	0	0	0	0	0	0	0	0	0	0	0	0	0	0	0	0	0	0	0	0	0	0	10	0	0	0	0	0	0	0
"track114"	"track114"	140892	125536	124385	124129	6138	6073	11	91	"Truncq_11"	"rmphix_TRUE"	"MaxEE_3-3"	"TruncLen_230-210"	89.1008715895863	88.2839337932601	88.1022343355194	4.35652840473554	4.31039377679357	4	1	0	0	13	0	0	0	0	3	0	0	0	0	0	0	0	0	0	0	0	0	0	0	0	0	2	0	1	0	0	0	0	0	0	0	0	0	0	0	0	0	0	0	0	0	0	0	0	0	0	2	0	0	0	0	0	0	0
"track115"	"track115"	140892	13656	13429	13523	832	832	2	26	"Truncq_15"	"rmphix_TRUE"	"MaxEE_3-3"	"TruncLen_230-210"	9.69253044885444	9.53141413281095	9.5981319024501	0.590523237657213	0.590523237657213	0	0	0	0	2	0	0	0	0	0	0	0	0	0	0	0	0	0	0	0	0	0	0	0	0	0	0	0	0	0	0	0	0	0	0	0	0	0	0	0	0	0	0	0	0	0	0	0	0	0	0	0	0	0	0	0	0	0	0
"track116"	"track116"	140892	129979	128863	128439	6428	6360	3	97	"Truncq_2"	"rmphix_TRUE"	"MaxEE_3-3"	"TruncLen_210-190"	92.2543508502967	91.4622547767084	91.1613150498254	4.56235982170741	4.51409590324504	4	0	0	0	4	0	0	0	0	0	0	0	0	0	0	0	0	0	0	0	0	0	0	0	0	0	2	0	0	0	0	0	0	0	0	0	0	0	0	0	0	0	0	0	0	0	0	0	0	0	0	7	0	0	0	0	0	0	0
"track117"	"track117"	140892	129979	128863	128439	6428	6360	3	97	"Truncq_4"	"rmphix_TRUE"	"MaxEE_3-3"	"TruncLen_210-190"	92.2543508502967	91.4622547767084	91.1613150498254	4.56235982170741	4.51409590324504	4	0	0	0	4	0	0	0	0	0	0	0	0	0	0	0	0	0	0	0	0	0	0	0	0	0	2	0	0	0	0	0	0	0	0	0	0	0	0	0	0	0	0	0	0	0	0	0	0	0	0	7	0	0	0	0	0	0	0
"track118"	"track118"	140892	129979	128863	128439	6428	6360	3	97	"Truncq_7"	"rmphix_TRUE"	"MaxEE_3-3"	"TruncLen_210-190"	92.2543508502967	91.4622547767084	91.1613150498254	4.56235982170741	4.51409590324504	4	0	0	0	4	0	0	0	0	0	0	0	0	0	0	0	0	0	0	0	0	0	0	0	0	0	2	0	0	0	0	0	0	0	0	0	0	0	0	0	0	0	0	0	0	0	0	0	0	0	0	3	0	0	0	0	0	0	0
"track119"	"track119"	140892	129979	128863	128439	6428	6360	3	97	"Truncq_11"	"rmphix_TRUE"	"MaxEE_3-3"	"TruncLen_210-190"	92.2543508502967	91.4622547767084	91.1613150498254	4.56235982170741	4.51409590324504	4	0	0	0	4	0	0	0	0	0	0	0	0	0	0	0	0	0	0	0	0	0	0	0	0	0	2	0	0	0	0	0	0	0	0	0	0	0	0	0	0	0	0	0	0	0	0	0	0	0	0	3	0	0	0	0	0	0	0
"track120"	"track120"	140892	24401	24112	24164	1803	1803	2	34	"Truncq_15"	"rmphix_TRUE"	"MaxEE_3-3"	"TruncLen_210-190"	17.3189393294154	17.1138176759504	17.1507253783039	1.27970360275956	1.27970360275956	0	0	0	0	2	0	0	0	0	0	0	0	0	0	0	0	0	0	0	0	0	0	0	0	0	0	0	0	0	0	0	0	0	0	0	0	0	0	0	0	0	0	0	0	0	0	0	0	0	0	0	0	0	0	0	0	0	0	0
"track121"	"track121"	140892	135998	134621	133879	5856	5784	4	80	"Truncq_2"	"rmphix_TRUE"	"MaxEE_3-3"	"TruncLen_180-160"	96.5264173977231	95.5490730488601	95.0224285268149	4.15637509581807	4.10527212332851	0	3	0	0	2	0	0	0	0	0	0	0	0	0	0	0	0	0	0	0	0	0	0	0	0	0	2	0	2	0	0	0	0	0	0	0	0	0	0	0	0	0	0	0	0	0	0	0	0	0	0	3	0	0	0	0	0	0	0
"track122"	"track122"	140892	135998	134621	133879	5856	5784	5	79	"Truncq_4"	"rmphix_TRUE"	"MaxEE_3-3"	"TruncLen_180-160"	96.5264173977231	95.5490730488601	95.0224285268149	4.15637509581807	4.10527212332851	0	3	0	0	2	0	0	0	0	0	0	0	0	0	0	0	0	0	0	0	0	0	0	0	0	0	2	0	2	0	0	0	0	0	0	0	0	0	0	0	0	0	0	0	0	0	0	0	0	0	0	4	0	0	0	0	0	0	0
"track123"	"track123"	140892	135998	134621	133879	5856	5784	5	79	"Truncq_7"	"rmphix_TRUE"	"MaxEE_3-3"	"TruncLen_180-160"	96.5264173977231	95.5490730488601	95.0224285268149	4.15637509581807	4.10527212332851	0	3	0	0	2	0	0	0	0	0	0	0	0	0	0	0	0	0	0	0	0	0	0	0	0	0	2	0	2	0	0	0	0	0	0	0	0	0	0	0	0	0	0	0	0	0	0	0	0	0	0	4	0	0	0	0	0	0	0
"track124"	"track124"	140892	135998	134621	133879	5856	5784	5	79	"Truncq_11"	"rmphix_TRUE"	"MaxEE_3-3"	"TruncLen_180-160"	96.5264173977231	95.5490730488601	95.0224285268149	4.15637509581807	4.10527212332851	0	3	0	0	2	0	0	0	0	0	0	0	0	0	0	0	0	0	0	0	0	0	0	0	0	0	2	0	2	0	0	0	0	0	0	0	0	0	0	0	0	0	0	0	0	0	0	0	0	0	0	7	0	0	0	0	0	0	0
"track125"	"track125"	140892	39171	38850	38878	2489	2489	0	32	"Truncq_15"	"rmphix_TRUE"	"MaxEE_3-3"	"TruncLen_180-160"	27.8021463248446	27.5743122391619	27.5941856173523	1.76660136842404	1.76660136842404	0	0	0	0	0	0	0	0	0	0	0	0	0	0	0	0	0	0	0	0	0	0	0	0	0	0	0	0	0	0	0	0	0	0	0	0	0	0	0	0	0	0	0	0	0	0	0	0	0	0	0	0	0	0	0	0	0	0	0
"track126"	"track126"	140892	116381	115112	114074	86762	70737	123	84	"Truncq_2"	"rmphix_FALSE"	"MaxEE_3-3"	"TruncLen_0-0"	82.6029866848366	81.702296794708	80.9655622746501	61.5805013769412	50.2065411804787	20363	12792	2865	8327	3802	3585	1555	1295	1149	3989	933	548	688	688	158	136	136	309	100	151	181	121	295	72	94	57	55	65	88	0	44	35	44	21	4	4	7	2	0	96	42	0	0	0	0	0	0	0	0	0	0	0	4	0	0	0	0	0	0
"track127"	"track127"	140892	116381	115112	114074	86762	70737	123	84	"Truncq_4"	"rmphix_FALSE"	"MaxEE_3-3"	"TruncLen_0-0"	82.6029866848366	81.702296794708	80.9655622746501	61.5805013769412	50.2065411804787	20363	12792	2865	8327	3802	3585	1555	1295	1149	3989	933	548	688	688	158	136	136	309	100	151	181	121	295	72	94	57	55	65	88	0	44	35	44	21	4	4	7	2	0	96	42	0	0	0	0	0	0	0	0	0	0	0	4	0	0	0	0	0	0
"track128"	"track128"	140892	116381	115112	114074	86762	70737	123	84	"Truncq_7"	"rmphix_FALSE"	"MaxEE_3-3"	"TruncLen_0-0"	82.6029866848366	81.702296794708	80.9655622746501	61.5805013769412	50.2065411804787	20363	12792	2865	8327	3802	3585	1555	1295	1149	3989	933	548	688	688	158	136	136	309	100	151	181	121	295	72	94	57	55	65	88	0	44	35	44	21	4	4	7	2	0	96	42	0	0	0	0	0	0	0	0	0	0	0	4	0	0	0	0	0	0
"track129"	"track129"	140892	116381	115112	114074	86762	70737	123	84	"Truncq_11"	"rmphix_FALSE"	"MaxEE_3-3"	"TruncLen_0-0"	82.6029866848366	81.702296794708	80.9655622746501	61.5805013769412	50.2065411804787	20363	10516	2865	8327	3802	3585	1555	1295	1149	3989	933	548	688	688	158	136	136	309	100	151	181	121	295	72	94	57	55	65	88	0	44	35	44	21	4	4	7	2	0	96	42	0	0	0	0	0	0	0	0	0	0	0	4	0	0	0	0	0	0
"track130"	"track130"	140892	129060	127879	128940	4324	4324	3	19	"Truncq_15"	"rmphix_FALSE"	"MaxEE_3-3"	"TruncLen_0-0"	91.6020781875479	90.7638474860177	91.516906566732	3.06901740340119	3.06901740340119	0	0	0	0	15	0	0	0	0	0	0	0	0	0	0	0	0	0	0	0	0	0	0	0	0	0	0	0	0	0	0	0	0	0	0	0	0	0	0	0	0	0	0	0	0	0	0	0	0	0	0	0	0	0	0	0	0	0	0
"track131"	"track131"	140892	49117	48167	47940	43610	35348	160	83	"Truncq_2"	"rmphix_FALSE"	"MaxEE_3-3"	"TruncLen_250-230"	34.8614541634727	34.1871788320132	34.0260625159697	30.9527865315277	25.0887204383499	1099	733	147	8581	4868	3369	74	1270	1624	4167	847	570	259	721	167	0	137	285	99	0	208	127	298	77	97	58	57	74	0	33	55	0	17	22	5	4	8	0	31	114	146	67	21	0	10	9	8	4	5	3	2	0	0	6	3	2	0	0	0
"track132"	"track132"	140892	49117	48167	47940	43610	35348	159	84	"Truncq_4"	"rmphix_FALSE"	"MaxEE_3-3"	"TruncLen_250-230"	34.8614541634727	34.1871788320132	34.0260625159697	30.9527865315277	25.0887204383499	1099	733	147	8581	4868	3369	74	1270	1624	4167	847	570	259	721	167	0	137	285	99	0	208	127	298	77	97	58	57	74	0	33	55	0	17	22	5	4	8	0	31	114	146	67	21	0	10	9	8	4	5	3	2	4	4	6	3	2	0	0	0
"track133"	"track133"	140892	49117	48167	47940	43610	35348	160	83	"Truncq_7"	"rmphix_FALSE"	"MaxEE_3-3"	"TruncLen_250-230"	34.8614541634727	34.1871788320132	34.0260625159697	30.9527865315277	25.0887204383499	1099	733	147	8579	4868	3369	74	1270	1624	4167	847	570	259	721	167	0	137	285	99	0	208	127	298	77	97	58	57	74	0	33	55	0	17	22	5	4	8	0	31	114	146	67	21	0	10	9	8	4	5	3	2	0	0	6	3	2	0	0	0
"track134"	"track134"	140892	49117	48167	47940	43610	35348	160	83	"Truncq_11"	"rmphix_FALSE"	"MaxEE_3-3"	"TruncLen_250-230"	34.8614541634727	34.1871788320132	34.0260625159697	30.9527865315277	25.0887204383499	1099	733	147	8581	4868	3369	74	1270	1624	4167	847	570	259	721	167	0	137	285	99	0	208	127	298	77	97	58	57	74	0	33	55	0	17	22	5	4	8	0	31	114	146	67	21	0	10	9	8	4	5	3	2	6	0	6	3	2	0	0	0
"track135"	"track135"	140892	2767	2679	2683	2447	2336	47	10	"Truncq_15"	"rmphix_FALSE"	"MaxEE_3-3"	"TruncLen_250-230"	1.96391562331431	1.90145643471595	1.90429548874315	1.73679130113846	1.65800755188371	0	0	0	625	288	251	0	193	98	193	51	84	9	86	12	0	4	0	13	0	0	6	0	6	8	0	0	0	0	4	5	0	0	0	0	0	0	0	0	0	0	0	0	0	0	0	0	0	0	0	11	0	13	0	0	0	0	0	0
"track136"	"track136"	140892	125536	124385	124129	6138	6073	12	90	"Truncq_2"	"rmphix_FALSE"	"MaxEE_3-3"	"TruncLen_230-210"	89.1008715895863	88.2839337932601	88.1022343355194	4.35652840473554	4.31039377679357	4	1	0	0	13	0	0	0	0	3	0	0	0	0	0	0	0	0	0	0	0	0	0	0	0	0	2	0	1	0	0	0	0	0	0	0	0	0	0	0	0	0	0	0	0	0	0	0	0	0	0	6	0	0	0	0	0	0	0
"track137"	"track137"	140892	125536	124385	124129	6138	6073	12	90	"Truncq_4"	"rmphix_FALSE"	"MaxEE_3-3"	"TruncLen_230-210"	89.1008715895863	88.2839337932601	88.1022343355194	4.35652840473554	4.31039377679357	4	1	0	0	12	0	0	0	0	3	0	0	0	0	0	0	0	0	0	0	0	0	0	0	0	0	2	0	1	0	0	0	0	0	0	0	0	0	0	0	0	0	0	0	0	0	0	0	0	0	0	2	0	0	0	0	0	0	0
"track138"	"track138"	140892	125536	124385	124129	6138	6073	11	91	"Truncq_7"	"rmphix_FALSE"	"MaxEE_3-3"	"TruncLen_230-210"	89.1008715895863	88.2839337932601	88.1022343355194	4.35652840473554	4.31039377679357	4	1	0	0	13	0	0	0	0	3	0	0	0	0	0	0	0	0	0	0	0	0	0	0	0	0	2	0	1	0	0	0	0	0	0	0	0	0	0	0	0	0	0	0	0	0	0	0	0	0	0	2	0	0	0	0	0	0	0
"track139"	"track139"	140892	125536	124385	124129	6138	6073	11	91	"Truncq_11"	"rmphix_FALSE"	"MaxEE_3-3"	"TruncLen_230-210"	89.1008715895863	88.2839337932601	88.1022343355194	4.35652840473554	4.31039377679357	4	1	0	0	13	0	0	0	0	3	0	0	0	0	0	0	0	0	0	0	0	0	0	0	0	0	2	0	1	0	0	0	0	0	0	0	0	0	0	0	0	0	0	0	0	0	0	0	0	0	0	2	0	0	0	0	0	0	0
"track140"	"track140"	140892	13656	13429	13523	832	832	0	27	"Truncq_15"	"rmphix_FALSE"	"MaxEE_3-3"	"TruncLen_230-210"	9.69253044885444	9.53141413281095	9.5981319024501	0.590523237657213	0.590523237657213	0	0	0	0	2	0	0	0	0	0	0	0	0	0	0	0	0	0	0	0	0	0	0	0	0	0	0	0	0	0	0	0	0	0	0	0	0	0	0	0	0	0	0	0	0	0	0	0	0	0	0	0	0	0	0	0	0	0	0
"track141"	"track141"	140892	129979	128863	128439	6428	6360	4	96	"Truncq_2"	"rmphix_FALSE"	"MaxEE_3-3"	"TruncLen_210-190"	92.2543508502967	91.4622547767084	91.1613150498254	4.56235982170741	4.51409590324504	4	0	0	0	4	0	0	0	0	0	0	0	0	0	0	0	0	0	0	0	0	0	0	0	0	0	2	0	0	0	0	0	0	0	0	0	0	0	0	0	0	0	0	0	0	0	0	0	0	0	0	3	0	0	0	0	0	0	0
"track142"	"track142"	140892	129979	128863	128439	6428	6360	3	97	"Truncq_4"	"rmphix_FALSE"	"MaxEE_3-3"	"TruncLen_210-190"	92.2543508502967	91.4622547767084	91.1613150498254	4.56235982170741	4.51409590324504	4	0	0	0	4	0	0	0	0	0	0	0	0	0	0	0	0	0	0	0	0	0	0	0	0	0	2	0	0	0	0	0	0	0	0	0	0	0	0	0	0	0	0	0	0	0	0	0	0	0	0	3	0	0	0	0	0	0	0
"track143"	"track143"	140892	129979	128863	128439	6428	6360	3	97	"Truncq_7"	"rmphix_FALSE"	"MaxEE_3-3"	"TruncLen_210-190"	92.2543508502967	91.4622547767084	91.1613150498254	4.56235982170741	4.51409590324504	4	0	0	0	4	0	0	0	0	0	0	0	0	0	0	0	0	0	0	0	0	0	0	0	0	0	2	0	0	0	0	0	0	0	0	0	0	0	0	0	0	0	0	0	0	0	0	0	0	0	0	3	0	0	0	0	0	0	0
"track144"	"track144"	140892	129979	128863	128439	6428	6360	4	96	"Truncq_11"	"rmphix_FALSE"	"MaxEE_3-3"	"TruncLen_210-190"	92.2543508502967	91.4622547767084	91.1613150498254	4.56235982170741	4.51409590324504	4	0	0	0	4	0	0	0	0	0	0	0	0	0	0	0	0	0	0	0	0	0	0	0	0	0	2	0	0	0	0	0	0	0	0	0	0	0	0	0	0	0	0	0	0	0	0	0	0	0	0	3	0	0	0	0	0	0	0
"track145"	"track145"	140892	24401	24112	24164	1803	1803	0	35	"Truncq_15"	"rmphix_FALSE"	"MaxEE_3-3"	"TruncLen_210-190"	17.3189393294154	17.1138176759504	17.1507253783039	1.27970360275956	1.27970360275956	0	0	0	0	2	0	0	0	0	0	0	0	0	0	0	0	0	0	0	0	0	0	0	0	0	0	0	0	0	0	0	0	0	0	0	0	0	0	0	0	0	0	0	0	0	0	0	0	0	0	0	0	0	0	0	0	0	0	0
"track146"	"track146"	140892	135999	134622	133879	5856	5784	5	79	"Truncq_2"	"rmphix_FALSE"	"MaxEE_3-3"	"TruncLen_180-160"	96.5271271612299	95.5497828123669	95.0224285268149	4.15637509581807	4.10527212332851	0	3	0	0	2	0	0	0	0	0	0	0	0	0	0	0	0	0	0	0	0	0	0	0	0	0	2	0	2	0	0	0	0	0	0	0	0	0	0	0	0	0	0	0	0	0	0	0	0	0	0	3	0	0	0	0	0	0	0
"track147"	"track147"	140892	135999	134622	133879	5856	5784	4	80	"Truncq_4"	"rmphix_FALSE"	"MaxEE_3-3"	"TruncLen_180-160"	96.5271271612299	95.5497828123669	95.0224285268149	4.15637509581807	4.10527212332851	0	3	0	0	2	0	0	0	0	0	0	0	0	0	0	0	0	0	0	0	0	0	0	0	0	0	2	0	2	0	0	0	0	0	0	0	0	0	0	0	0	0	0	0	0	0	0	0	0	0	0	0	0	0	0	0	0	0	0
"track148"	"track148"	140892	135999	134622	133879	5856	5784	4	80	"Truncq_7"	"rmphix_FALSE"	"MaxEE_3-3"	"TruncLen_180-160"	96.5271271612299	95.5497828123669	95.0224285268149	4.15637509581807	4.10527212332851	0	3	0	0	2	0	0	0	0	0	0	0	0	0	0	0	0	0	0	0	0	0	0	0	0	0	2	0	2	0	0	0	0	0	0	0	0	0	0	0	0	0	0	0	0	0	0	0	0	0	0	3	0	0	0	0	0	0	0
"track149"	"track149"	140892	135999	134622	133879	5856	5784	4	80	"Truncq_11"	"rmphix_FALSE"	"MaxEE_3-3"	"TruncLen_180-160"	96.5271271612299	95.5497828123669	95.0224285268149	4.15637509581807	4.10527212332851	0	0	0	0	2	0	0	0	0	0	0	0	0	0	0	0	0	0	0	0	0	0	0	0	0	0	2	0	2	0	0	0	0	0	0	0	0	0	0	0	0	0	0	0	0	0	0	0	0	0	0	7	0	0	0	0	0	0	0
"track150"	"track150"	140892	39171	38850	38878	2489	2489	0	32	"Truncq_15"	"rmphix_FALSE"	"MaxEE_3-3"	"TruncLen_180-160"	27.8021463248446	27.5743122391619	27.5941856173523	1.76660136842404	1.76660136842404	0	0	0	0	0	0	0	0	0	0	0	0	0	0	0	0	0	0	0	0	0	0	0	0	0	0	0	0	0	0	0	0	0	0	0	0	0	0	0	0	0	0	0	0	0	0	0	0	0	0	0	0	0	0	0	0	0	0	0
"track151"	"track151"	140892	119376	118220	116647	86605	72609	123	84	"Truncq_2"	"rmphix_TRUE"	"MaxEE_2-5"	"TruncLen_0-0"	84.7287283877012	83.908241773841	82.7917837776453	61.4690685063737	51.5352184652074	21980	13055	2923	8319	3828	3523	1573	1304	1059	4095	959	544	666	691	153	137	139	328	101	155	186	123	330	73	98	54	52	66	88	0	44	32	44	22	4	4	9	2	0	92	46	0	0	0	0	0	0	0	0	0	0	0	0	0	0	0	0	0	0
"track152"	"track152"	140892	119376	118220	116647	86605	72609	123	84	"Truncq_4"	"rmphix_TRUE"	"MaxEE_2-5"	"TruncLen_0-0"	84.7287283877012	83.908241773841	82.7917837776453	61.4690685063737	51.5352184652074	21980	13055	2923	8319	3820	3523	1573	1304	1059	4095	959	544	666	691	153	137	139	328	101	155	186	123	330	73	98	54	52	66	88	0	44	32	44	22	4	4	9	2	0	92	46	0	0	0	0	0	0	0	0	0	0	0	4	0	0	0	0	0	0
"track153"	"track153"	140892	119376	118220	116647	86605	72609	123	84	"Truncq_7"	"rmphix_TRUE"	"MaxEE_2-5"	"TruncLen_0-0"	84.7287283877012	83.908241773841	82.7917837776453	61.4690685063737	51.5352184652074	21980	13055	2923	8319	3828	3523	1573	1304	1059	4095	959	544	666	691	153	137	139	328	101	155	186	123	330	73	98	54	52	66	88	0	44	32	44	22	4	4	9	2	0	92	46	0	0	0	0	0	0	0	0	0	0	0	4	0	0	0	0	0	0
"track154"	"track154"	140892	119376	118220	116647	86605	72609	123	84	"Truncq_11"	"rmphix_TRUE"	"MaxEE_2-5"	"TruncLen_0-0"	84.7287283877012	83.908241773841	82.7917837776453	61.4690685063737	51.5352184652074	21980	13055	2923	8319	3828	3523	1573	1304	1059	4095	959	544	666	691	153	137	139	328	101	155	186	123	330	73	98	54	52	66	88	0	44	32	44	22	4	4	9	2	0	92	46	0	0	0	0	0	0	0	0	0	0	0	0	0	0	0	0	0	0
"track155"	"track155"	140892	129060	127879	128940	4324	4324	2	20	"Truncq_15"	"rmphix_TRUE"	"MaxEE_2-5"	"TruncLen_0-0"	91.6020781875479	90.7638474860177	91.516906566732	3.06901740340119	3.06901740340119	0	0	0	0	15	0	0	0	0	0	0	0	0	0	0	0	0	0	0	0	0	0	0	0	0	0	0	0	0	0	0	0	0	0	0	0	0	0	0	0	0	0	0	0	0	0	0	0	0	0	0	0	0	0	0	0	0	0	0
"track156"	"track156"	140892	48210	47432	46574	42454	34290	160	80	"Truncq_2"	"rmphix_TRUE"	"MaxEE_2-5"	"TruncLen_250-230"	34.2176986628056	33.6655026545155	33.0565255656815	30.1322999176674	24.337790648156	1045	735	147	8338	4743	3251	75	1226	1576	4082	831	546	234	703	158	10	138	291	96	0	206	122	305	72	97	55	50	69	0	33	52	0	15	22	5	4	9	0	30	109	148	69	19	0	12	11	7	4	3	3	2	4	0	6	3	2	0	0	0
"track157"	"track157"	140892	48210	47432	46574	42454	34290	159	81	"Truncq_4"	"rmphix_TRUE"	"MaxEE_2-5"	"TruncLen_250-230"	34.2176986628056	33.6655026545155	33.0565255656815	30.1322999176674	24.337790648156	1045	735	147	8338	4743	3251	75	1226	1576	4082	831	546	234	703	158	10	138	291	96	0	206	122	305	72	97	55	50	69	0	33	52	0	15	22	5	4	9	0	30	109	148	69	19	0	12	11	7	4	3	3	2	0	4	6	3	2	0	0	0
"track158"	"track158"	140892	48210	47432	46574	42454	34290	159	81	"Truncq_7"	"rmphix_TRUE"	"MaxEE_2-5"	"TruncLen_250-230"	34.2176986628056	33.6655026545155	33.0565255656815	30.1322999176674	24.337790648156	1045	735	147	8338	4743	3251	75	1226	1576	4082	831	546	234	703	158	10	138	291	96	0	206	122	305	72	97	55	50	69	0	33	52	0	15	22	5	4	9	0	30	109	148	69	19	0	12	11	7	4	3	3	2	4	0	6	3	2	0	0	0
"track159"	"track159"	140892	48210	47432	46574	42454	34290	161	79	"Truncq_11"	"rmphix_TRUE"	"MaxEE_2-5"	"TruncLen_250-230"	34.2176986628056	33.6655026545155	33.0565255656815	30.1322999176674	24.337790648156	1045	735	147	8338	4743	3251	75	1226	1576	4082	831	546	234	703	158	10	138	291	96	0	206	122	305	72	97	55	50	69	0	33	52	0	15	22	5	4	9	0	30	109	148	69	19	0	12	11	7	4	3	3	2	0	0	6	3	2	0	0	0
"track160"	"track160"	140892	2767	2679	2683	2447	2336	47	10	"Truncq_15"	"rmphix_TRUE"	"MaxEE_2-5"	"TruncLen_250-230"	1.96391562331431	1.90145643471595	1.90429548874315	1.73679130113846	1.65800755188371	0	0	0	625	288	251	0	193	98	193	51	84	9	86	12	0	4	0	13	0	0	6	0	6	8	0	0	0	0	4	5	0	0	0	0	0	0	0	0	0	0	0	0	0	0	0	0	0	0	0	11	0	9	0	0	0	0	0	0
"track161"	"track161"	140892	123723	122805	121404	5924	5862	12	89	"Truncq_2"	"rmphix_TRUE"	"MaxEE_2-5"	"TruncLen_230-210"	87.8140703517588	87.1625074525168	86.1681287794907	4.20463901428044	4.16063367685887	4	1	0	0	14	0	0	0	0	3	0	0	0	0	0	0	0	0	0	0	0	0	0	0	0	0	2	0	1	0	0	0	0	0	0	0	0	0	0	0	0	0	0	0	0	0	0	0	0	0	0	0	0	0	0	0	0	0	0
"track162"	"track162"	140892	123723	122805	121404	5924	5862	12	89	"Truncq_4"	"rmphix_TRUE"	"MaxEE_2-5"	"TruncLen_230-210"	87.8140703517588	87.1625074525168	86.1681287794907	4.20463901428044	4.16063367685887	4	1	0	0	14	0	0	0	0	3	0	0	0	0	0	0	0	0	0	0	0	0	0	0	0	0	2	0	1	0	0	0	0	0	0	0	0	0	0	0	0	0	0	0	0	0	0	0	0	0	0	2	0	0	0	0	0	0	0
"track163"	"track163"	140892	123723	122805	121404	5924	5862	12	89	"Truncq_7"	"rmphix_TRUE"	"MaxEE_2-5"	"TruncLen_230-210"	87.8140703517588	87.1625074525168	86.1681287794907	4.20463901428044	4.16063367685887	4	1	0	0	13	0	0	0	0	3	0	0	0	0	0	0	0	0	0	0	0	0	0	0	0	0	2	0	1	0	0	0	0	0	0	0	0	0	0	0	0	0	0	0	0	0	0	0	0	0	0	2	0	0	0	0	0	0	0
"track164"	"track164"	140892	123723	122805	121404	5924	5862	13	88	"Truncq_11"	"rmphix_TRUE"	"MaxEE_2-5"	"TruncLen_230-210"	87.8140703517588	87.1625074525168	86.1681287794907	4.20463901428044	4.16063367685887	4	0	0	0	14	0	0	0	0	3	0	0	0	0	0	0	0	0	0	0	0	0	0	0	0	0	2	0	1	0	0	0	0	0	0	0	0	0	0	0	0	0	0	0	0	0	0	0	0	0	0	10	0	0	0	0	0	0	0
"track165"	"track165"	140892	13656	13429	13523	832	832	0	27	"Truncq_15"	"rmphix_TRUE"	"MaxEE_2-5"	"TruncLen_230-210"	9.69253044885444	9.53141413281095	9.5981319024501	0.590523237657213	0.590523237657213	0	0	0	0	2	0	0	0	0	0	0	0	0	0	0	0	0	0	0	0	0	0	0	0	0	0	0	0	0	0	0	0	0	0	0	0	0	0	0	0	0	0	0	0	0	0	0	0	0	0	0	0	0	0	0	0	0	0	0
"track166"	"track166"	140892	127628	126688	124805	6245	6179	7	96	"Truncq_2"	"rmphix_TRUE"	"MaxEE_2-5"	"TruncLen_210-190"	90.585696845811	89.9185191494194	88.5820344661159	4.43247309996309	4.38562870851432	4	1	0	0	4	0	0	0	0	0	0	0	0	0	0	0	0	0	0	0	0	0	0	0	0	0	2	0	1	0	0	0	0	0	0	0	0	0	0	0	0	0	0	0	0	0	0	0	0	0	0	6	0	0	0	0	0	0	0
"track167"	"track167"	140892	127628	126688	124805	6245	6179	7	96	"Truncq_4"	"rmphix_TRUE"	"MaxEE_2-5"	"TruncLen_210-190"	90.585696845811	89.9185191494194	88.5820344661159	4.43247309996309	4.38562870851432	4	1	0	0	4	0	0	0	0	0	0	0	0	0	0	0	0	0	0	0	0	0	0	0	0	0	2	0	0	0	0	0	0	0	0	0	0	0	0	0	0	0	0	0	0	0	0	0	0	0	0	6	0	0	0	0	0	0	0
"track168"	"track168"	140892	127628	126688	124805	6245	6179	6	97	"Truncq_7"	"rmphix_TRUE"	"MaxEE_2-5"	"TruncLen_210-190"	90.585696845811	89.9185191494194	88.5820344661159	4.43247309996309	4.38562870851432	4	0	0	0	4	0	0	0	0	0	0	0	0	0	0	0	0	0	0	0	0	0	0	0	0	0	2	0	1	0	0	0	0	0	0	0	0	0	0	0	0	0	0	0	0	0	0	0	0	0	0	2	0	0	0	0	0	0	0
"track169"	"track169"	140892	127628	126688	124805	6245	6179	6	97	"Truncq_11"	"rmphix_TRUE"	"MaxEE_2-5"	"TruncLen_210-190"	90.585696845811	89.9185191494194	88.5820344661159	4.43247309996309	4.38562870851432	4	1	0	0	4	0	0	0	0	0	0	0	0	0	0	0	0	0	0	0	0	0	0	0	0	0	2	0	1	0	0	0	0	0	0	0	0	0	0	0	0	0	0	0	0	0	0	0	0	0	0	2	0	0	0	0	0	0	0
"track170"	"track170"	140892	24401	24112	24164	1803	1803	0	35	"Truncq_15"	"rmphix_TRUE"	"MaxEE_2-5"	"TruncLen_210-190"	17.3189393294154	17.1138176759504	17.1507253783039	1.27970360275956	1.27970360275956	0	0	0	0	2	0	0	0	0	0	0	0	0	0	0	0	0	0	0	0	0	0	0	0	0	0	0	0	0	0	0	0	0	0	0	0	0	0	0	0	0	0	0	0	0	0	0	0	0	0	0	0	0	0	0	0	0	0	0
"track171"	"track171"	140892	133259	132373	129954	5743	5672	4	81	"Truncq_2"	"rmphix_TRUE"	"MaxEE_2-5"	"TruncLen_180-160"	94.5823751525992	93.9535246855748	92.2366067626267	4.07617181954973	4.02577861056696	0	0	0	0	2	0	0	0	0	0	0	0	0	0	0	0	0	0	0	0	0	0	0	0	0	0	2	0	2	0	0	0	0	0	0	0	0	0	0	0	0	0	0	0	0	0	0	0	0	0	0	4	0	0	0	0	0	0	0
"track172"	"track172"	140892	133259	132373	129954	5743	5672	4	81	"Truncq_4"	"rmphix_TRUE"	"MaxEE_2-5"	"TruncLen_180-160"	94.5823751525992	93.9535246855748	92.2366067626267	4.07617181954973	4.02577861056696	0	0	0	0	2	0	0	0	0	0	0	0	0	0	0	0	0	0	0	0	0	0	0	0	0	0	2	0	2	0	0	0	0	0	0	0	0	0	0	0	0	0	0	0	0	0	0	0	0	0	0	4	0	0	0	0	0	0	0
"track173"	"track173"	140892	133259	132373	129954	5743	5672	4	81	"Truncq_7"	"rmphix_TRUE"	"MaxEE_2-5"	"TruncLen_180-160"	94.5823751525992	93.9535246855748	92.2366067626267	4.07617181954973	4.02577861056696	0	0	0	0	2	0	0	0	0	0	0	0	0	0	0	0	0	0	0	0	0	0	0	0	0	0	2	0	2	0	0	0	0	0	0	0	0	0	0	0	0	0	0	0	0	0	0	0	0	0	0	4	0	0	0	0	0	0	0
"track174"	"track174"	140892	133259	132373	129954	5743	5672	4	81	"Truncq_11"	"rmphix_TRUE"	"MaxEE_2-5"	"TruncLen_180-160"	94.5823751525992	93.9535246855748	92.2366067626267	4.07617181954973	4.02577861056696	0	0	0	0	2	0	0	0	0	0	0	0	0	0	0	0	0	0	0	0	0	0	0	0	0	0	2	0	2	0	0	0	0	0	0	0	0	0	0	0	0	0	0	0	0	0	0	0	0	0	0	6	0	0	0	0	0	0	0
"track175"	"track175"	140892	39171	38850	38878	2489	2489	0	32	"Truncq_15"	"rmphix_TRUE"	"MaxEE_2-5"	"TruncLen_180-160"	27.8021463248446	27.5743122391619	27.5941856173523	1.76660136842404	1.76660136842404	0	0	0	0	0	0	0	0	0	0	0	0	0	0	0	0	0	0	0	0	0	0	0	0	0	0	0	0	0	0	0	0	0	0	0	0	0	0	0	0	0	0	0	0	0	0	0	0	0	0	0	0	0	0	0	0	0	0	0
"track176"	"track176"	140892	119376	118220	116647	86605	72609	124	83	"Truncq_2"	"rmphix_FALSE"	"MaxEE_2-5"	"TruncLen_0-0"	84.7287283877012	83.908241773841	82.7917837776453	61.4690685063737	51.5352184652074	21980	13055	2923	8319	3828	3523	1573	1304	1059	4095	959	544	666	691	153	137	139	328	101	155	186	123	330	73	98	54	52	66	88	0	44	32	44	22	4	4	9	2	0	92	46	0	0	0	0	0	0	0	0	0	0	0	0	0	0	0	0	2	0
"track177"	"track177"	140892	119376	118220	116647	86605	72609	124	83	"Truncq_4"	"rmphix_FALSE"	"MaxEE_2-5"	"TruncLen_0-0"	84.7287283877012	83.908241773841	82.7917837776453	61.4690685063737	51.5352184652074	21980	13055	2923	8319	3828	3523	1573	1304	1059	4095	959	544	666	691	153	137	139	328	101	155	186	123	330	73	98	54	52	66	88	0	44	32	44	22	4	4	9	2	0	92	46	0	0	0	0	0	0	0	0	0	0	0	0	0	0	0	0	0	0
"track178"	"track178"	140892	119376	118220	116647	86605	72609	123	84	"Truncq_7"	"rmphix_FALSE"	"MaxEE_2-5"	"TruncLen_0-0"	84.7287283877012	83.908241773841	82.7917837776453	61.4690685063737	51.5352184652074	21980	13055	2923	8319	3828	3523	1573	1304	1059	4095	959	544	666	691	153	137	139	328	101	155	186	123	330	73	98	54	52	66	88	0	44	32	44	22	4	4	9	2	0	92	46	0	0	0	0	0	0	0	0	0	0	0	4	0	0	0	0	0	0
"track179"	"track179"	140892	119376	118220	116647	86605	72609	123	84	"Truncq_11"	"rmphix_FALSE"	"MaxEE_2-5"	"TruncLen_0-0"	84.7287283877012	83.908241773841	82.7917837776453	61.4690685063737	51.5352184652074	21980	13055	2923	8319	3828	3523	1573	1304	1059	4095	959	544	666	691	153	137	139	328	101	155	186	123	330	73	98	54	52	66	88	0	44	32	44	22	4	4	9	2	0	92	46	0	0	0	0	0	0	0	0	0	0	0	0	0	0	0	0	2	0
"track180"	"track180"	140892	129060	127879	128940	4324	4324	2	20	"Truncq_15"	"rmphix_FALSE"	"MaxEE_2-5"	"TruncLen_0-0"	91.6020781875479	90.7638474860177	91.516906566732	3.06901740340119	3.06901740340119	0	0	0	0	0	0	0	0	0	0	0	0	0	0	0	0	0	0	0	0	0	0	0	0	0	0	0	0	0	0	0	0	0	0	0	0	0	0	0	0	0	0	0	0	0	0	0	0	0	0	0	0	0	0	0	0	0	0	0
"track181"	"track181"	140892	48210	47432	46574	42454	34290	159	81	"Truncq_2"	"rmphix_FALSE"	"MaxEE_2-5"	"TruncLen_250-230"	34.2176986628056	33.6655026545155	33.0565255656815	30.1322999176674	24.337790648156	1045	735	147	8336	4735	3251	75	1226	1576	4082	831	546	234	703	158	10	138	291	96	0	206	122	305	72	97	55	50	69	0	33	52	0	15	22	5	4	9	0	30	109	148	69	19	0	12	11	7	4	3	3	2	4	0	6	3	2	0	0	0
"track182"	"track182"	140892	48210	47432	46574	42454	34290	159	81	"Truncq_4"	"rmphix_FALSE"	"MaxEE_2-5"	"TruncLen_250-230"	34.2176986628056	33.6655026545155	33.0565255656815	30.1322999176674	24.337790648156	1045	735	147	8338	4743	3251	75	1226	1576	4082	831	546	234	703	158	10	138	291	96	0	206	122	305	72	97	55	50	69	0	33	52	0	15	22	5	4	9	0	30	109	148	69	19	0	12	11	7	4	3	3	2	0	0	6	3	2	0	0	0
"track183"	"track183"	140892	48210	47432	46574	42454	34290	160	80	"Truncq_7"	"rmphix_FALSE"	"MaxEE_2-5"	"TruncLen_250-230"	34.2176986628056	33.6655026545155	33.0565255656815	30.1322999176674	24.337790648156	1045	735	147	8338	4743	3251	75	1226	1576	4082	831	546	234	703	158	10	138	291	96	0	206	122	305	72	97	55	50	69	0	33	52	0	15	22	5	4	9	0	30	109	148	69	19	0	12	11	7	4	3	3	2	6	0	6	3	2	0	0	0
"track184"	"track184"	140892	48210	47432	46574	42454	34290	159	81	"Truncq_11"	"rmphix_FALSE"	"MaxEE_2-5"	"TruncLen_250-230"	34.2176986628056	33.6655026545155	33.0565255656815	30.1322999176674	24.337790648156	1045	735	147	8338	4743	3251	75	1226	1576	4082	831	546	234	703	158	10	138	291	96	0	206	122	305	72	97	55	50	69	0	33	52	0	15	22	5	4	9	0	30	109	148	69	19	0	12	11	7	4	3	3	2	0	0	6	3	2	0	0	0
"track185"	"track185"	140892	2767	2679	2683	2447	2336	46	11	"Truncq_15"	"rmphix_FALSE"	"MaxEE_2-5"	"TruncLen_250-230"	1.96391562331431	1.90145643471595	1.90429548874315	1.73679130113846	1.65800755188371	0	0	0	627	288	251	0	193	98	193	51	84	9	86	12	0	4	0	13	0	0	6	0	6	8	0	0	0	0	4	5	0	0	0	0	0	0	0	0	0	0	0	0	0	0	0	0	0	0	0	11	0	9	0	0	0	0	0	0
"track186"	"track186"	140892	123723	122805	121404	5924	5862	12	89	"Truncq_2"	"rmphix_FALSE"	"MaxEE_2-5"	"TruncLen_230-210"	87.8140703517588	87.1625074525168	86.1681287794907	4.20463901428044	4.16063367685887	4	1	0	0	14	0	0	0	0	3	0	0	0	0	0	0	0	0	0	0	0	0	0	0	0	0	2	0	1	0	0	0	0	0	0	0	0	0	0	0	0	0	0	0	0	0	0	0	0	0	0	6	0	0	0	0	0	0	0
"track187"	"track187"	140892	123723	122805	121404	5924	5862	12	89	"Truncq_4"	"rmphix_FALSE"	"MaxEE_2-5"	"TruncLen_230-210"	87.8140703517588	87.1625074525168	86.1681287794907	4.20463901428044	4.16063367685887	4	1	0	0	14	0	0	0	0	3	0	0	0	0	0	0	0	0	0	0	0	0	0	0	0	0	2	0	1	0	0	0	0	0	0	0	0	0	0	0	0	0	0	0	0	0	0	0	0	0	0	6	0	0	0	0	0	0	0
"track188"	"track188"	140892	123723	122805	121404	5924	5862	12	89	"Truncq_7"	"rmphix_FALSE"	"MaxEE_2-5"	"TruncLen_230-210"	87.8140703517588	87.1625074525168	86.1681287794907	4.20463901428044	4.16063367685887	4	1	0	0	14	0	0	0	0	3	0	0	0	0	0	0	0	0	0	0	0	0	0	0	0	0	2	0	1	0	0	0	0	0	0	0	0	0	0	0	0	0	0	0	0	0	0	0	0	0	0	6	0	0	0	0	0	0	0
"track189"	"track189"	140892	123723	122805	121404	5924	5862	13	88	"Truncq_11"	"rmphix_FALSE"	"MaxEE_2-5"	"TruncLen_230-210"	87.8140703517588	87.1625074525168	86.1681287794907	4.20463901428044	4.16063367685887	4	1	0	0	13	0	0	0	0	3	0	0	0	0	0	0	0	0	0	0	0	0	0	0	0	0	2	0	1	0	0	0	0	0	0	0	0	0	0	0	0	0	0	0	0	0	0	0	0	0	0	6	0	0	0	0	0	0	0
"track190"	"track190"	140892	13656	13429	13523	832	832	0	27	"Truncq_15"	"rmphix_FALSE"	"MaxEE_2-5"	"TruncLen_230-210"	9.69253044885444	9.53141413281095	9.5981319024501	0.590523237657213	0.590523237657213	0	0	0	0	2	0	0	0	0	0	0	0	0	0	0	0	0	0	0	0	0	0	0	0	0	0	0	0	0	0	0	0	0	0	0	0	0	0	0	0	0	0	0	0	0	0	0	0	0	0	0	0	0	0	0	0	0	0	0
"track191"	"track191"	140892	127628	126688	124805	6245	6179	7	96	"Truncq_2"	"rmphix_FALSE"	"MaxEE_2-5"	"TruncLen_210-190"	90.585696845811	89.9185191494194	88.5820344661159	4.43247309996309	4.38562870851432	4	1	0	0	4	0	0	0	0	0	0	0	0	0	0	0	0	0	0	0	0	0	0	0	0	0	2	0	1	0	0	0	0	0	0	0	0	0	0	0	0	0	0	0	0	0	0	0	0	0	0	6	0	0	0	0	0	0	0
"track192"	"track192"	140892	127628	126688	124805	6245	6179	7	96	"Truncq_4"	"rmphix_FALSE"	"MaxEE_2-5"	"TruncLen_210-190"	90.585696845811	89.9185191494194	88.5820344661159	4.43247309996309	4.38562870851432	4	1	0	0	4	0	0	0	0	0	0	0	0	0	0	0	0	0	0	0	0	0	0	0	0	0	2	0	1	0	0	0	0	0	0	0	0	0	0	0	0	0	0	0	0	0	0	0	0	0	0	2	0	0	0	0	0	0	0
"track193"	"track193"	140892	127628	126688	124805	6245	6179	6	97	"Truncq_7"	"rmphix_FALSE"	"MaxEE_2-5"	"TruncLen_210-190"	90.585696845811	89.9185191494194	88.5820344661159	4.43247309996309	4.38562870851432	4	1	0	0	4	0	0	0	0	0	0	0	0	0	0	0	0	0	0	0	0	0	0	0	0	0	2	0	1	0	0	0	0	0	0	0	0	0	0	0	0	0	0	0	0	0	0	0	0	0	0	4	0	0	0	0	0	0	0
"track194"	"track194"	140892	127628	126688	124805	6245	6179	6	97	"Truncq_11"	"rmphix_FALSE"	"MaxEE_2-5"	"TruncLen_210-190"	90.585696845811	89.9185191494194	88.5820344661159	4.43247309996309	4.38562870851432	4	0	0	0	4	0	0	0	0	0	0	0	0	0	0	0	0	0	0	0	0	0	0	0	0	0	2	0	1	0	0	0	0	0	0	0	0	0	0	0	0	0	0	0	0	0	0	0	0	0	0	0	0	0	0	0	0	0	0
"track195"	"track195"	140892	24401	24112	24164	1803	1803	0	35	"Truncq_15"	"rmphix_FALSE"	"MaxEE_2-5"	"TruncLen_210-190"	17.3189393294154	17.1138176759504	17.1507253783039	1.27970360275956	1.27970360275956	0	0	0	0	2	0	0	0	0	0	0	0	0	0	0	0	0	0	0	0	0	0	0	0	0	0	0	0	0	0	0	0	0	0	0	0	0	0	0	0	0	0	0	0	0	0	0	0	0	0	0	0	0	0	0	0	0	0	0
"track196"	"track196"	140892	133259	132373	129954	5743	5672	4	81	"Truncq_2"	"rmphix_FALSE"	"MaxEE_2-5"	"TruncLen_180-160"	94.5823751525992	93.9535246855748	92.2366067626267	4.07617181954973	4.02577861056696	0	0	0	0	2	0	0	0	0	0	0	0	0	0	0	0	0	0	0	0	0	0	0	0	0	0	2	0	2	0	0	0	0	0	0	0	0	0	0	0	0	0	0	0	0	0	0	0	0	0	0	2	0	0	0	0	0	0	0
"track197"	"track197"	140892	133259	132373	129954	5743	5672	5	80	"Truncq_4"	"rmphix_FALSE"	"MaxEE_2-5"	"TruncLen_180-160"	94.5823751525992	93.9535246855748	92.2366067626267	4.07617181954973	4.02577861056696	0	0	0	0	2	0	0	0	0	0	0	0	0	0	0	0	0	0	0	0	0	0	0	0	0	0	2	0	2	0	0	0	0	0	0	0	0	0	0	0	0	0	0	0	0	0	0	0	0	0	0	6	0	0	0	0	0	0	0
"track198"	"track198"	140892	133259	132373	129954	5743	5672	6	79	"Truncq_7"	"rmphix_FALSE"	"MaxEE_2-5"	"TruncLen_180-160"	94.5823751525992	93.9535246855748	92.2366067626267	4.07617181954973	4.02577861056696	0	0	0	0	2	0	0	0	0	0	0	0	0	0	0	0	0	0	0	0	0	0	0	0	0	0	2	0	2	0	0	0	0	0	0	0	0	0	0	0	0	0	0	0	0	0	0	0	0	0	0	6	0	0	0	0	0	0	0
"track199"	"track199"	140892	133259	132373	129954	5743	5672	5	80	"Truncq_11"	"rmphix_FALSE"	"MaxEE_2-5"	"TruncLen_180-160"	94.5823751525992	93.9535246855748	92.2366067626267	4.07617181954973	4.02577861056696	0	0	0	0	2	0	0	0	0	0	0	0	0	0	0	0	0	0	0	0	0	0	0	0	0	0	2	0	2	0	0	0	0	0	0	0	0	0	0	0	0	0	0	0	0	0	0	0	0	0	0	6	0	0	0	0	0	0	0
"track200"	"track200"	140892	39171	38850	38878	2489	2489	0	33	"Truncq_15"	"rmphix_FALSE"	"MaxEE_2-5"	"TruncLen_180-160"	27.8021463248446	27.5743122391619	27.5941856173523	1.76660136842404	1.76660136842404	0	0	0	0	0	0	0	0	0	0	0	0	0	0	0	0	0	0	0	0	0	0	0	0	0	0	0	0	0	0	0	0	0	0	0	0	0	0	0	0	0	0	0	0	0	0	0	0	0	0	0	0	0	0	0	0	0	0	0
"track201"	"track201"	140892	126250	124971	123114	90787	76058	125	84	"Truncq_2"	"rmphix_TRUE"	"MaxEE_3-5"	"TruncLen_0-0"	89.6076427334412	88.6998552082446	87.3818243761179	64.4372994918093	53.983192800159	22999	13532	3022	8828	4009	3718	1615	1378	1114	4339	1019	587	726	731	165	147	144	341	107	163	198	130	308	80	101	59	59	73	98	0	46	35	46	22	5	4	10	2	0	98	50	0	0	0	0	0	0	0	0	0	0	0	4	0	0	0	0	0	0
"track202"	"track202"	140892	126250	124971	123114	90787	76058	126	83	"Truncq_4"	"rmphix_TRUE"	"MaxEE_3-5"	"TruncLen_0-0"	89.6076427334412	88.6998552082446	87.3818243761179	64.4372994918093	53.983192800159	22999	13532	3022	8828	4009	3718	1615	1378	1114	4339	1019	587	726	731	165	147	144	341	107	163	198	130	308	80	101	59	59	73	98	0	46	35	46	22	5	4	10	2	0	98	50	0	0	0	0	0	0	0	0	0	0	0	0	0	0	0	0	0	0
"track203"	"track203"	140892	126250	124971	123114	90787	76058	124	85	"Truncq_7"	"rmphix_TRUE"	"MaxEE_3-5"	"TruncLen_0-0"	89.6076427334412	88.6998552082446	87.3818243761179	64.4372994918093	53.983192800159	22999	13532	3022	8828	4009	3718	1615	1378	1114	4339	1019	587	726	731	165	147	144	341	107	163	198	130	308	80	101	59	59	73	98	0	46	35	46	22	5	4	10	2	0	98	50	0	0	0	0	0	0	0	4	0	0	0	0	0	0	0	0	0	0
"track204"	"track204"	140892	126250	124971	123114	90787	76058	124	85	"Truncq_11"	"rmphix_TRUE"	"MaxEE_3-5"	"TruncLen_0-0"	89.6076427334412	88.6998552082446	87.3818243761179	64.4372994918093	53.983192800159	22999	13532	3022	8828	4009	3718	1615	1378	1114	4339	1019	587	726	731	165	147	144	341	107	163	198	130	308	80	101	59	59	73	98	0	46	35	46	22	5	4	10	2	0	98	50	0	0	0	0	0	0	0	0	0	0	0	0	0	0	0	0	0	0
"track205"	"track205"	140892	129060	127879	128940	4324	4324	0	21	"Truncq_15"	"rmphix_TRUE"	"MaxEE_3-5"	"TruncLen_0-0"	91.6020781875479	90.7638474860177	91.516906566732	3.06901740340119	3.06901740340119	0	0	0	0	15	0	0	0	0	0	0	0	0	0	0	0	0	0	0	0	0	0	0	0	0	0	0	0	0	0	0	0	0	0	0	0	0	0	0	0	0	0	0	0	0	0	0	0	0	0	0	0	0	0	0	0	0	0	0
"track206"	"track206"	140892	51987	50924	50100	45478	36754	162	84	"Truncq_2"	"rmphix_TRUE"	"MaxEE_3-5"	"TruncLen_250-230"	36.8984754279874	36.1439968202595	35.5591516906567	32.2786247622292	26.0866479289101	1330	926	177	8826	5011	3382	89	1298	1661	4319	880	591	268	741	171	0	143	304	102	0	220	134	322	79	100	59	58	73	0	33	55	0	18	22	5	4	10	0	32	117	152	76	22	0	12	12	8	0	5	3	2	0	4	6	3	2	0	0	2
"track207"	"track207"	140892	51987	50924	50100	45478	36754	162	84	"Truncq_4"	"rmphix_TRUE"	"MaxEE_3-5"	"TruncLen_250-230"	36.8984754279874	36.1439968202595	35.5591516906567	32.2786247622292	26.0866479289101	1330	926	177	8826	5011	3382	89	1298	1661	4319	880	591	268	741	171	0	143	304	102	0	220	134	322	79	100	59	58	73	0	33	55	0	18	22	5	4	10	0	32	117	152	76	22	0	12	12	8	0	5	3	2	2	0	6	3	2	0	0	2
"track208"	"track208"	140892	51987	50924	50100	45478	36754	162	84	"Truncq_7"	"rmphix_TRUE"	"MaxEE_3-5"	"TruncLen_250-230"	36.8984754279874	36.1439968202595	35.5591516906567	32.2786247622292	26.0866479289101	1330	926	177	8826	5011	3382	89	1298	1661	4319	880	591	268	741	171	0	143	304	102	0	220	134	322	79	100	59	58	73	0	33	55	0	18	22	5	4	10	0	32	117	152	76	22	0	12	12	8	0	5	3	2	4	0	6	3	2	0	0	2
"track209"	"track209"	140892	51987	50924	50100	45478	36754	163	83	"Truncq_11"	"rmphix_TRUE"	"MaxEE_3-5"	"TruncLen_250-230"	36.8984754279874	36.1439968202595	35.5591516906567	32.2786247622292	26.0866479289101	1330	926	177	8832	5011	3382	89	1298	1661	4319	880	591	268	741	171	0	143	304	102	0	220	134	322	79	100	59	58	73	0	33	55	0	18	22	5	4	10	0	32	117	152	76	22	0	12	12	8	0	5	3	2	4	0	6	3	2	0	0	2
"track210"	"track210"	140892	2767	2679	2683	2447	2336	46	11	"Truncq_15"	"rmphix_TRUE"	"MaxEE_3-5"	"TruncLen_250-230"	1.96391562331431	1.90145643471595	1.90429548874315	1.73679130113846	1.65800755188371	0	0	0	625	288	251	0	193	98	193	51	84	9	86	12	0	4	0	13	0	0	6	0	6	8	0	0	0	0	4	5	0	0	0	0	0	0	0	0	0	0	0	0	0	0	0	0	0	0	0	11	0	9	0	0	0	0	0	0
"track211"	"track211"	140892	130262	129015	127492	6202	6134	11	89	"Truncq_2"	"rmphix_TRUE"	"MaxEE_3-5"	"TruncLen_230-210"	92.4552139227209	91.5701388297419	90.4891690088862	4.40195326917071	4.35368935070834	4	0	0	0	15	0	0	0	0	3	0	0	0	0	0	0	0	0	0	0	0	0	0	0	0	0	2	0	0	0	0	0	0	0	0	0	0	0	0	0	0	0	0	0	0	0	0	0	0	0	0	6	0	0	0	0	0	0	0
"track212"	"track212"	140892	130262	129015	127492	6202	6134	10	90	"Truncq_4"	"rmphix_TRUE"	"MaxEE_3-5"	"TruncLen_230-210"	92.4552139227209	91.5701388297419	90.4891690088862	4.40195326917071	4.35368935070834	4	0	0	0	15	0	0	0	0	3	0	0	0	0	0	0	0	0	0	0	0	0	0	0	0	0	2	0	0	0	0	0	0	0	0	0	0	0	0	0	0	0	0	0	0	0	0	0	0	0	0	0	0	0	0	0	0	0	0
"track213"	"track213"	140892	130262	129015	127492	6202	6134	10	90	"Truncq_7"	"rmphix_TRUE"	"MaxEE_3-5"	"TruncLen_230-210"	92.4552139227209	91.5701388297419	90.4891690088862	4.40195326917071	4.35368935070834	4	0	0	0	15	0	0	0	0	3	0	0	0	0	0	0	0	0	0	0	0	0	0	0	0	0	2	0	0	0	0	0	0	0	0	0	0	0	0	0	0	0	0	0	0	0	0	0	0	0	0	6	0	0	0	0	0	0	0
"track214"	"track214"	140892	130262	129015	127492	6202	6134	10	90	"Truncq_11"	"rmphix_TRUE"	"MaxEE_3-5"	"TruncLen_230-210"	92.4552139227209	91.5701388297419	90.4891690088862	4.40195326917071	4.35368935070834	4	0	0	0	15	0	0	0	0	3	0	0	0	0	0	0	0	0	0	0	0	0	0	0	0	0	2	0	0	0	0	0	0	0	0	0	0	0	0	0	0	0	0	0	0	0	0	0	0	0	0	2	0	0	0	0	0	0	0
"track215"	"track215"	140892	13656	13429	13523	832	832	0	27	"Truncq_15"	"rmphix_TRUE"	"MaxEE_3-5"	"TruncLen_230-210"	9.69253044885444	9.53141413281095	9.5981319024501	0.590523237657213	0.590523237657213	0	0	0	0	2	0	0	0	0	0	0	0	0	0	0	0	0	0	0	0	0	0	0	0	0	0	0	0	0	0	0	0	0	0	0	0	0	0	0	0	0	0	0	0	0	0	0	0	0	0	0	0	0	0	0	0	0	0	0
"track216"	"track216"	140892	133781	132579	130243	6459	6390	6	97	"Truncq_2"	"rmphix_TRUE"	"MaxEE_3-5"	"TruncLen_210-190"	94.9528717031485	94.0997359679755	92.4417284160918	4.58436249041819	4.53538880844902	4	1	0	0	4	0	0	0	0	0	0	0	0	0	0	0	0	0	0	0	0	0	0	0	0	0	2	0	1	0	0	0	0	0	0	0	0	0	0	0	0	0	0	0	0	0	0	0	0	0	0	3	0	0	0	0	0	0	0
"track217"	"track217"	140892	133781	132579	130243	6459	6390	6	97	"Truncq_4"	"rmphix_TRUE"	"MaxEE_3-5"	"TruncLen_210-190"	94.9528717031485	94.0997359679755	92.4417284160918	4.58436249041819	4.53538880844902	4	1	0	0	4	0	0	0	0	0	0	0	0	0	0	0	0	0	0	0	0	0	0	0	0	0	2	0	1	0	0	0	0	0	0	0	0	0	0	0	0	0	0	0	0	0	0	0	0	0	0	0	0	0	0	0	0	0	0
"track218"	"track218"	140892	133781	132579	130243	6459	6390	6	97	"Truncq_7"	"rmphix_TRUE"	"MaxEE_3-5"	"TruncLen_210-190"	94.9528717031485	94.0997359679755	92.4417284160918	4.58436249041819	4.53538880844902	4	0	0	0	4	0	0	0	0	0	0	0	0	0	0	0	0	0	0	0	0	0	0	0	0	0	2	0	1	0	0	0	0	0	0	0	0	0	0	0	0	0	0	0	0	0	0	0	0	0	0	3	0	0	0	0	0	0	0
"track219"	"track219"	140892	133781	132579	130243	6459	6390	6	97	"Truncq_11"	"rmphix_TRUE"	"MaxEE_3-5"	"TruncLen_210-190"	94.9528717031485	94.0997359679755	92.4417284160918	4.58436249041819	4.53538880844902	4	1	0	0	4	0	0	0	0	0	0	0	0	0	0	0	0	0	0	0	0	0	0	0	0	0	2	0	1	0	0	0	0	0	0	0	0	0	0	0	0	0	0	0	0	0	0	0	0	0	0	4	0	0	0	0	0	0	0
"track220"	"track220"	140892	24401	24112	24164	1803	1803	2	34	"Truncq_15"	"rmphix_TRUE"	"MaxEE_3-5"	"TruncLen_210-190"	17.3189393294154	17.1138176759504	17.1507253783039	1.27970360275956	1.27970360275956	0	0	0	0	2	0	0	0	0	0	0	0	0	0	0	0	0	0	0	0	0	0	0	0	0	0	0	0	0	0	0	0	0	0	0	0	0	0	0	0	0	0	0	0	0	0	0	0	0	0	0	0	0	0	0	0	0	0	0
"track221"	"track221"	140892	138444	136984	134541	5858	5786	4	80	"Truncq_2"	"rmphix_TRUE"	"MaxEE_3-5"	"TruncLen_180-160"	98.2624989353547	97.2262442154274	95.4922919683162	4.15779462283167	4.10669165034211	0	0	0	0	2	0	0	0	0	0	0	0	0	0	0	0	0	0	0	0	0	0	0	0	0	0	2	0	2	0	0	0	0	0	0	0	0	0	0	0	0	0	0	0	0	0	0	0	0	0	0	7	0	0	0	0	0	0	0
"track222"	"track222"	140892	138444	136984	134541	5858	5786	5	79	"Truncq_4"	"rmphix_TRUE"	"MaxEE_3-5"	"TruncLen_180-160"	98.2624989353547	97.2262442154274	95.4922919683162	4.15779462283167	4.10669165034211	0	3	0	0	2	0	0	0	0	0	0	0	0	0	0	0	0	0	0	0	0	0	0	0	0	0	2	0	2	0	0	0	0	0	0	0	0	0	0	0	0	0	0	0	0	0	0	0	0	0	0	3	0	0	0	0	0	0	0
"track223"	"track223"	140892	138444	136984	134541	5858	5786	4	80	"Truncq_7"	"rmphix_TRUE"	"MaxEE_3-5"	"TruncLen_180-160"	98.2624989353547	97.2262442154274	95.4922919683162	4.15779462283167	4.10669165034211	0	3	0	0	2	0	0	0	0	0	0	0	0	0	0	0	0	0	0	0	0	0	0	0	0	0	2	0	2	0	0	0	0	0	0	0	0	0	0	0	0	0	0	0	0	0	0	0	0	0	0	7	0	0	0	0	0	0	0
"track224"	"track224"	140892	138444	136984	134541	5858	5786	4	80	"Truncq_11"	"rmphix_TRUE"	"MaxEE_3-5"	"TruncLen_180-160"	98.2624989353547	97.2262442154274	95.4922919683162	4.15779462283167	4.10669165034211	0	3	0	0	2	0	0	0	0	0	0	0	0	0	0	0	0	0	0	0	0	0	0	0	0	0	2	0	2	0	0	0	0	0	0	0	0	0	0	0	0	0	0	0	0	0	0	0	0	0	0	0	0	0	0	0	0	0	0
"track225"	"track225"	140892	39171	38850	38878	2489	2489	0	33	"Truncq_15"	"rmphix_TRUE"	"MaxEE_3-5"	"TruncLen_180-160"	27.8021463248446	27.5743122391619	27.5941856173523	1.76660136842404	1.76660136842404	0	0	0	0	0	0	0	0	0	0	0	0	0	0	0	0	0	0	0	0	0	0	0	0	0	0	0	0	0	0	0	0	0	0	0	0	0	0	0	0	0	0	0	0	0	0	0	0	0	0	0	0	0	0	0	0	0	0	0
"track226"	"track226"	140892	126250	124971	123114	90787	76058	124	85	"Truncq_2"	"rmphix_FALSE"	"MaxEE_3-5"	"TruncLen_0-0"	89.6076427334412	88.6998552082446	87.3818243761179	64.4372994918093	53.983192800159	22999	13532	3022	8828	4009	3718	1615	1378	1114	4339	1019	587	726	731	165	147	144	341	107	163	198	130	308	80	101	59	59	73	98	0	46	35	46	22	5	4	10	2	0	98	50	0	0	0	0	0	0	0	0	0	0	0	0	0	0	0	0	0	0
"track227"	"track227"	140892	126250	124971	123114	90787	76058	124	85	"Truncq_4"	"rmphix_FALSE"	"MaxEE_3-5"	"TruncLen_0-0"	89.6076427334412	88.6998552082446	87.3818243761179	64.4372994918093	53.983192800159	22999	13532	3022	8828	4009	3718	1615	1378	1114	4339	1019	587	726	731	165	147	144	341	107	163	198	130	308	80	101	59	59	73	98	0	46	35	46	22	5	4	10	2	0	98	50	0	0	0	0	0	0	0	0	0	0	7	0	0	0	0	0	0	0
"track228"	"track228"	140892	126250	124971	123114	90787	76058	124	85	"Truncq_7"	"rmphix_FALSE"	"MaxEE_3-5"	"TruncLen_0-0"	89.6076427334412	88.6998552082446	87.3818243761179	64.4372994918093	53.983192800159	22999	13532	3022	8828	4009	3718	1615	1378	1114	4339	1019	587	726	731	165	147	144	341	107	163	198	130	308	80	101	59	59	73	98	0	46	35	46	22	5	4	10	2	0	98	50	0	0	0	0	0	0	0	0	0	0	0	4	0	0	0	0	0	0
"track229"	"track229"	140892	126250	124971	123114	90787	76058	126	83	"Truncq_11"	"rmphix_FALSE"	"MaxEE_3-5"	"TruncLen_0-0"	89.6076427334412	88.6998552082446	87.3818243761179	64.4372994918093	53.983192800159	22999	13532	3022	8828	4009	3718	1615	1378	1114	4339	1019	587	726	731	165	147	144	341	107	163	198	130	308	80	101	59	59	73	98	0	46	35	46	22	5	4	10	2	0	98	50	0	0	0	0	0	0	0	0	0	0	0	0	0	0	0	0	0	0
"track230"	"track230"	140892	129060	127879	128940	4324	4324	0	21	"Truncq_15"	"rmphix_FALSE"	"MaxEE_3-5"	"TruncLen_0-0"	91.6020781875479	90.7638474860177	91.516906566732	3.06901740340119	3.06901740340119	0	0	0	0	15	0	0	0	0	0	0	0	0	0	0	0	0	0	0	0	0	0	0	0	0	0	0	0	0	0	0	0	0	0	0	0	0	0	0	0	0	0	0	0	0	0	0	0	0	0	0	0	0	0	0	0	0	0	0
"track231"	"track231"	140892	51987	50924	50100	45478	36754	162	84	"Truncq_2"	"rmphix_FALSE"	"MaxEE_3-5"	"TruncLen_250-230"	36.8984754279874	36.1439968202595	35.5591516906567	32.2786247622292	26.0866479289101	1330	926	177	8826	5011	3382	89	1298	1661	4319	880	591	268	741	171	0	143	304	102	0	220	134	322	79	100	59	58	73	0	33	55	0	18	22	5	4	10	0	32	117	152	76	22	0	12	12	8	0	5	3	2	0	0	6	3	2	0	0	2
"track232"	"track232"	140892	51987	50924	50100	45478	36754	163	83	"Truncq_4"	"rmphix_FALSE"	"MaxEE_3-5"	"TruncLen_250-230"	36.8984754279874	36.1439968202595	35.5591516906567	32.2786247622292	26.0866479289101	1330	926	177	8826	5002	3382	89	1298	1661	4319	880	591	268	741	171	0	143	304	102	0	220	134	322	79	100	59	58	73	0	33	55	0	18	22	5	4	10	0	32	117	152	76	22	0	12	12	8	0	5	3	2	4	0	6	3	2	0	0	2
"track233"	"track233"	140892	51987	50924	50100	45478	36754	163	83	"Truncq_7"	"rmphix_FALSE"	"MaxEE_3-5"	"TruncLen_250-230"	36.8984754279874	36.1439968202595	35.5591516906567	32.2786247622292	26.0866479289101	1330	926	177	8826	5011	3382	89	1298	1661	4319	880	591	268	741	171	0	143	304	102	0	220	134	322	79	100	59	58	73	0	33	55	0	18	22	5	4	10	0	32	117	152	76	22	0	12	12	8	0	5	3	2	4	4	6	3	2	0	0	2
"track234"	"track234"	140892	51987	50924	50100	45478	36754	162	84	"Truncq_11"	"rmphix_FALSE"	"MaxEE_3-5"	"TruncLen_250-230"	36.8984754279874	36.1439968202595	35.5591516906567	32.2786247622292	26.0866479289101	1330	926	177	8826	5011	3382	89	1298	1661	4319	880	591	268	741	171	0	143	304	102	0	220	134	322	79	100	59	58	73	0	33	55	0	18	22	5	4	10	0	32	117	152	76	22	0	12	12	8	0	5	3	2	4	4	6	3	2	0	0	2
"track235"	"track235"	140892	2767	2679	2683	2447	2336	46	11	"Truncq_15"	"rmphix_FALSE"	"MaxEE_3-5"	"TruncLen_250-230"	1.96391562331431	1.90145643471595	1.90429548874315	1.73679130113846	1.65800755188371	0	0	0	625	288	251	0	193	98	193	51	84	9	86	12	0	4	0	13	0	0	6	0	6	8	0	0	0	0	4	5	0	0	0	0	0	0	0	0	0	0	0	0	0	0	0	0	0	0	0	11	0	9	0	0	0	0	0	0
"track236"	"track236"	140892	130262	129015	127492	6202	6134	12	88	"Truncq_2"	"rmphix_FALSE"	"MaxEE_3-5"	"TruncLen_230-210"	92.4552139227209	91.5701388297419	90.4891690088862	4.40195326917071	4.35368935070834	4	0	0	0	15	0	0	0	0	3	0	0	0	0	0	0	0	0	0	0	0	0	0	0	0	0	2	0	0	0	0	0	0	0	0	0	0	0	0	0	0	0	0	0	0	0	0	0	0	0	0	2	0	0	0	0	0	0	0
"track237"	"track237"	140892	130262	129015	127492	6202	6134	12	88	"Truncq_4"	"rmphix_FALSE"	"MaxEE_3-5"	"TruncLen_230-210"	92.4552139227209	91.5701388297419	90.4891690088862	4.40195326917071	4.35368935070834	4	0	0	0	14	0	0	0	0	3	0	0	0	0	0	0	0	0	0	0	0	0	0	0	0	0	2	0	0	0	0	0	0	0	0	0	0	0	0	0	0	0	0	0	0	0	0	0	0	0	0	6	0	0	0	0	0	0	0
"track238"	"track238"	140892	130262	129015	127492	6202	6134	10	90	"Truncq_7"	"rmphix_FALSE"	"MaxEE_3-5"	"TruncLen_230-210"	92.4552139227209	91.5701388297419	90.4891690088862	4.40195326917071	4.35368935070834	4	0	0	0	14	0	0	0	0	3	0	0	0	0	0	0	0	0	0	0	0	0	0	0	0	0	2	0	0	0	0	0	0	0	0	0	0	0	0	0	0	0	0	0	0	0	0	0	0	0	0	6	0	0	0	0	0	0	0
"track239"	"track239"	140892	130262	129015	127492	6202	6134	10	90	"Truncq_11"	"rmphix_FALSE"	"MaxEE_3-5"	"TruncLen_230-210"	92.4552139227209	91.5701388297419	90.4891690088862	4.40195326917071	4.35368935070834	4	0	0	0	15	0	0	0	0	3	0	0	0	0	0	0	0	0	0	0	0	0	0	0	0	0	2	0	0	0	0	0	0	0	0	0	0	0	0	0	0	0	0	0	0	0	0	0	0	0	0	2	0	0	0	0	0	0	0
"track240"	"track240"	140892	13656	13429	13523	832	832	0	27	"Truncq_15"	"rmphix_FALSE"	"MaxEE_3-5"	"TruncLen_230-210"	9.69253044885444	9.53141413281095	9.5981319024501	0.590523237657213	0.590523237657213	0	0	0	0	2	0	0	0	0	0	0	0	0	0	0	0	0	0	0	0	0	0	0	0	0	0	0	0	0	0	0	0	0	0	0	0	0	0	0	0	0	0	0	0	0	0	0	0	0	0	0	0	0	0	0	0	0	0	0
"track241"	"track241"	140892	133781	132579	130243	6459	6390	6	97	"Truncq_2"	"rmphix_FALSE"	"MaxEE_3-5"	"TruncLen_210-190"	94.9528717031485	94.0997359679755	92.4417284160918	4.58436249041819	4.53538880844902	4	0	0	0	4	0	0	0	0	0	0	0	0	0	0	0	0	0	0	0	0	0	0	0	0	0	2	0	1	0	0	0	0	0	0	0	0	0	0	0	0	0	0	0	0	0	0	0	0	0	0	4	0	0	0	0	0	0	0
"track242"	"track242"	140892	133781	132579	130243	6459	6390	6	97	"Truncq_4"	"rmphix_FALSE"	"MaxEE_3-5"	"TruncLen_210-190"	94.9528717031485	94.0997359679755	92.4417284160918	4.58436249041819	4.53538880844902	4	1	0	0	4	0	0	0	0	0	0	0	0	0	0	0	0	0	0	0	0	0	0	0	0	0	2	0	1	0	0	0	0	0	0	0	0	0	0	0	0	0	0	0	0	0	0	0	0	0	0	7	0	0	0	0	0	0	0
"track243"	"track243"	140892	133781	132579	130243	6459	6390	6	97	"Truncq_7"	"rmphix_FALSE"	"MaxEE_3-5"	"TruncLen_210-190"	94.9528717031485	94.0997359679755	92.4417284160918	4.58436249041819	4.53538880844902	4	0	0	0	4	0	0	0	0	0	0	0	0	0	0	0	0	0	0	0	0	0	0	0	0	0	2	0	1	0	0	0	0	0	0	0	0	0	0	0	0	0	0	0	0	0	0	0	0	0	0	0	0	0	0	0	0	0	0
"track244"	"track244"	140892	133781	132579	130243	6459	6390	7	96	"Truncq_11"	"rmphix_FALSE"	"MaxEE_3-5"	"TruncLen_210-190"	94.9528717031485	94.0997359679755	92.4417284160918	4.58436249041819	4.53538880844902	4	1	0	0	4	0	0	0	0	0	0	0	0	0	0	0	0	0	0	0	0	0	0	0	0	0	2	0	1	0	0	0	0	0	0	0	0	0	0	0	0	0	0	0	0	0	0	0	0	0	0	3	0	0	0	0	0	0	0
"track245"	"track245"	140892	24401	24112	24164	1803	1803	0	35	"Truncq_15"	"rmphix_FALSE"	"MaxEE_3-5"	"TruncLen_210-190"	17.3189393294154	17.1138176759504	17.1507253783039	1.27970360275956	1.27970360275956	0	0	0	0	2	0	0	0	0	0	0	0	0	0	0	0	0	0	0	0	0	0	0	0	0	0	0	0	0	0	0	0	0	0	0	0	0	0	0	0	0	0	0	0	0	0	0	0	0	0	0	0	0	0	0	0	0	0	0
"track246"	"track246"	140892	138445	136985	134541	5858	5786	4	80	"Truncq_2"	"rmphix_FALSE"	"MaxEE_3-5"	"TruncLen_180-160"	98.2632086988615	97.2269539789342	95.4922919683162	4.15779462283167	4.10669165034211	0	0	0	0	2	0	0	0	0	0	0	0	0	0	0	0	0	0	0	0	0	0	0	0	0	0	2	0	2	0	0	0	0	0	0	0	0	0	0	0	0	0	0	0	0	0	0	0	0	0	0	3	0	0	0	0	0	0	0
"track247"	"track247"	140892	138445	136985	134541	5858	5786	5	79	"Truncq_4"	"rmphix_FALSE"	"MaxEE_3-5"	"TruncLen_180-160"	98.2632086988615	97.2269539789342	95.4922919683162	4.15779462283167	4.10669165034211	0	0	0	0	2	0	0	0	0	0	0	0	0	0	0	0	0	0	0	0	0	0	0	0	0	0	2	0	2	0	0	0	0	0	0	0	0	0	0	0	0	0	0	0	0	0	0	0	0	0	0	4	0	0	0	0	0	0	0
"track248"	"track248"	140892	138445	136985	134541	5858	5786	4	80	"Truncq_7"	"rmphix_FALSE"	"MaxEE_3-5"	"TruncLen_180-160"	98.2632086988615	97.2269539789342	95.4922919683162	4.15779462283167	4.10669165034211	0	3	0	0	2	0	0	0	0	0	0	0	0	0	0	0	0	0	0	0	0	0	0	0	0	0	2	0	2	0	0	0	0	0	0	0	0	0	0	0	0	0	0	0	0	0	0	0	0	0	0	7	0	0	0	0	0	0	0
"track249"	"track249"	140892	138445	136985	134541	5858	5786	4	80	"Truncq_11"	"rmphix_FALSE"	"MaxEE_3-5"	"TruncLen_180-160"	98.2632086988615	97.2269539789342	95.4922919683162	4.15779462283167	4.10669165034211	0	3	0	0	2	0	0	0	0	0	0	0	0	0	0	0	0	0	0	0	0	0	0	0	0	0	2	0	2	0	0	0	0	0	0	0	0	0	0	0	0	0	0	0	0	0	0	0	0	0	0	7	0	0	0	0	0	0	0
"track250"	"track250"	140892	39171	38850	38878	2489	2489	0	33	"Truncq_15"	"rmphix_FALSE"	"MaxEE_3-5"	"TruncLen_180-160"	27.8021463248446	27.5743122391619	27.5941856173523	1.76660136842404	1.76660136842404	0	0	0	0	0	0	0	0	0	0	0	0	0	0	0	0	0	0	0	0	0	0	0	0	0	0	0	0	0	0	0	0	0	0	0	0	0	0	0	0	0	0	0	0	0	0	0	0	0	0	0	0	0	0	0	0	0	0	0
